date,timetable,max,min,range,range-trail,range-avg
2009-09-28,01:00-08:30,598.6,593.6,5.0,0.0,0.0
2009-10-05,01:00-08:30,582.5,578.4,4.100000000000023,0.0,0.0
2009-10-12,01:00-08:30,614.5,611.6,2.8999999999999773,0.0,0.0
2009-10-19,01:00-08:30,615.0,609.7,5.2999999999999545,0.0,0.0
2009-10-26,01:00-08:30,603.1,600.0,3.1000000000000227,0.0,0.0
2009-11-02,01:00-08:30,566.9,563.2,3.699999999999932,0.0,0.0
2009-11-09,01:00-08:30,582.7,577.5,5.2000000000000455,0.0,0.0
2009-11-16,01:00-08:30,592.4,588.0,4.399999999999977,0.0,0.0
2009-11-23,01:00-08:30,588.8,584.6,4.199999999999932,0.0,0.0
2009-11-30,01:00-08:30,580.6,576.1,4.5,0.0,0.0
2009-12-07,01:00-08:30,604.8,600.4,4.399999999999977,0.0,0.0
2009-12-14,01:00-08:30,605.0,595.4,9.600000000000023,0.0,0.0
2009-12-21,01:00-08:30,611.0,608.4,2.6000000000000227,0.0,0.0
2009-12-28,01:00-08:30,634.3,630.9,3.3999999999999773,0.0,0.0
2010-01-04,01:00-08:30,628.6,625.8,2.800000000000068,0.0,0.0
2010-01-11,01:00-08:30,648.9,646.1,2.7999999999999545,0.0,0.0
2010-01-18,01:00-08:30,638.8,634.7,4.099999999999909,0.0,0.0
2010-01-25,01:00-08:30,620.0,618.8,1.2000000000000455,0.0,0.0
2010-02-01,01:00-08:30,601.9,598.4,3.5,0.0,0.0
2010-02-08,01:00-08:30,591.5,586.8,4.7000000000000455,0.0,0.0
2010-02-15,01:00-08:30,611.6,608.9,2.7000000000000455,0.0,0.0
2010-02-22,01:00-08:30,632.6,630.6,2.0,0.0,0.0
2010-03-01,01:00-08:30,632.3,629.3,3.0,0.0,0.0
2010-03-08,01:00-08:30,666.0,664.1,1.8999999999999773,0.0,0.0
2010-03-15,01:00-08:30,674.5,670.9,3.6000000000000227,0.0,0.0
2010-03-22,01:00-08:30,667.0,664.8,2.2000000000000455,0.0,0.0
2010-03-29,01:00-08:30,681.5,678.2,3.2999999999999545,0.0,0.0
2010-04-05,01:00-08:30,685.5,684.2,1.2999999999999545,0.0,0.0
2010-04-12,01:00-08:30,705.5,703.8,1.7000000000000455,0.0,0.0
2010-04-19,01:00-08:30,712.5,709.7,2.7999999999999545,0.0,0.0
2010-04-26,01:00-08:30,741.3,737.7,3.599999999999909,0.0,0.0
2010-05-03,01:00-08:30,720.0,716.5,3.5,0.0,0.0
2010-05-10,01:00-08:30,677.9,661.0,16.899999999999977,0.0,0.0
2010-05-17,01:00-08:30,694.9,685.1,9.799999999999955,0.0,0.0
2010-05-24,01:00-08:30,649.9,642.5,7.399999999999977,0.0,0.0
2010-05-31,01:00-08:30,666.1,662.0,4.100000000000023,0.0,0.0
2010-06-07,01:00-08:30,634.5,626.7,7.7999999999999545,0.0,0.0
2010-06-14,01:00-08:30,650.0,646.9,3.1000000000000227,0.0,0.0
2010-06-21,01:00-08:30,676.0,668.0,8.0,0.0,0.0
2010-06-28,01:00-08:30,645.2,641.5,3.7000000000000455,0.0,0.0
2010-07-05,01:00-08:30,597.1,594.2,2.8999999999999773,0.0,0.0
2010-07-12,01:00-08:30,625.2,621.5,3.7000000000000455,0.0,0.0
2010-07-19,01:00-08:30,611.5,607.1,4.399999999999977,0.0,0.0
2010-08-09,01:00-08:30,653.1,648.3,4.800000000000068,0.0,0.0
2010-08-16,01:00-08:30,610.8,603.3,7.5,0.0,0.0
2010-08-23,01:00-08:30,613.7,611.1,2.6000000000000227,0.0,0.0
2010-08-30,01:00-08:30,624.5,618.7,5.7999999999999545,0.0,0.0
2010-09-13,01:00-08:30,640.4,637.6,2.7999999999999545,0.0,0.0
2010-09-20,01:00-08:30,649.7,645.6,4.100000000000023,0.0,0.0
2010-09-27,01:00-08:30,671.4,667.4,4.0,0.0,0.0
2010-10-04,01:00-08:30,679.1,675.1,4.0,0.0,0.0
2010-10-11,01:00-08:30,694.1,690.7,3.3999999999999773,0.0,0.0
2010-10-18,01:00-08:30,702.8,697.1,5.699999999999932,0.0,0.0
2010-10-25,01:00-08:30,711.3,701.7,9.599999999999909,0.0,0.0
2010-11-01,01:00-08:30,708.7,705.1,3.6000000000000227,0.0,0.0
2010-11-09,01:00-08:30,736.2,731.9,4.300000000000068,0.0,0.0
2010-11-15,01:00-08:30,721.5,717.9,3.6000000000000227,0.0,0.0
2010-11-22,01:00-08:30,729.7,727.7,2.0,0.0,0.0
2010-11-29,01:00-08:30,735.5,730.3,5.2000000000000455,0.0,0.0
2010-12-06,01:00-08:30,757.1,752.6,4.5,0.0,0.0
2010-12-13,01:00-08:30,774.8,771.3,3.5,0.0,0.0
2010-12-20,01:00-08:30,778.2,773.5,4.7000000000000455,0.0,0.0
2010-12-27,01:00-08:30,786.2,783.1,3.1000000000000227,0.0,0.0
2011-01-03,01:00-08:30,788.4,783.5,4.899999999999977,0.0,0.0
2011-01-10,01:00-08:30,785.0,781.9,3.1000000000000227,0.0,0.0
2011-01-17,01:00-08:30,805.5,803.1,2.3999999999999773,0.0,0.0
2011-01-24,01:00-08:30,777.2,770.8,6.400000000000091,0.0,0.0
2011-01-31,01:00-08:30,777.8,769.7,8.099999999999909,0.0,0.0
2011-02-07,01:00-08:30,799.6,797.6,2.0,0.0,0.0
2011-02-14,01:00-08:30,823.2,820.1,3.1000000000000227,0.0,0.0
2011-02-21,01:00-08:30,834.9,832.0,2.8999999999999773,0.0,0.0
2011-02-28,01:00-08:30,823.4,818.4,5.0,0.0,0.0
2011-03-07,01:00-08:30,826.2,821.1,5.100000000000023,0.0,0.0
2011-03-14,01:00-08:30,799.6,791.9,7.7000000000000455,0.0,0.0
2011-03-21,01:00-08:30,799.4,792.7,6.699999999999932,0.0,0.0
2011-03-28,01:00-08:30,823.5,819.2,4.2999999999999545,0.0,0.0
2011-04-04,01:00-08:30,847.0,843.6,3.3999999999999773,0.0,0.0
2011-04-11,01:00-08:30,842.4,838.4,4.0,0.0,0.0
2011-04-18,01:00-08:30,833.9,832.0,1.8999999999999773,0.0,0.0
2011-04-25,01:00-08:30,844.3,842.2,2.099999999999909,0.0,0.0
2011-05-02,01:00-08:30,872.0,862.6,9.399999999999977,0.0,0.0
2011-05-09,01:00-08:30,835.2,832.1,3.1000000000000227,0.0,0.0
2011-05-16,01:00-08:30,831.0,827.7,3.2999999999999545,0.0,0.0
2011-05-23,01:00-08:30,824.8,819.6,5.199999999999932,0.0,0.0
2011-05-30,01:00-08:30,838.0,835.6,2.3999999999999773,0.0,0.0
2011-06-06,01:00-08:30,809.2,805.8,3.400000000000091,0.0,0.0
2011-06-13,01:00-08:30,777.4,774.8,2.6000000000000227,0.0,0.0
2011-06-20,01:00-08:30,778.0,770.9,7.100000000000023,0.0,0.0
2011-06-27,01:00-08:30,796.0,789.3,6.7000000000000455,0.0,0.0
2011-07-04,01:00-08:30,839.0,835.0,4.0,0.0,0.0
2011-07-11,01:00-08:30,848.3,844.8,3.5,0.0,0.0
2011-07-18,01:00-08:30,828.1,822.3,5.800000000000068,0.0,0.0
2011-07-25,01:00-08:30,830.9,827.0,3.8999999999999773,0.0,0.0
2011-08-01,01:00-08:30,807.5,803.2,4.2999999999999545,0.0,0.0
2011-08-08,01:00-08:30,703.6,690.4,13.200000000000045,0.0,0.0
2011-08-15,01:00-08:30,703.3,697.0,6.2999999999999545,0.0,0.0
2011-08-22,01:00-08:30,659.6,648.0,11.600000000000023,0.0,0.0
2011-08-30,01:00-08:30,723.9,689.2,34.69999999999993,0.0,0.0
2011-09-05,01:00-08:30,677.8,672.2,5.599999999999909,0.0,0.0
2011-09-12,01:00-08:30,666.5,661.3,5.2000000000000455,0.0,0.0
2011-09-19,01:00-08:30,703.4,697.7,5.699999999999932,0.0,0.0
2011-09-26,01:00-08:30,658.5,640.6,17.899999999999977,0.0,0.0
2011-10-03,01:00-08:30,642.5,630.6,11.899999999999977,0.0,0.0
2011-10-10,01:00-08:30,667.6,658.2,9.399999999999977,0.0,0.0
2011-10-17,01:00-08:30,715.3,712.3,3.0,0.0,0.0
2011-10-24,01:00-08:30,716.0,706.8,9.200000000000045,0.0,0.0
2011-10-31,01:00-08:30,757.0,749.2,7.7999999999999545,0.0,0.0
2011-11-07,01:00-08:30,747.3,739.0,8.299999999999955,0.0,0.0
2011-11-14,01:00-08:30,748.3,745.0,3.2999999999999545,0.0,0.0
2011-11-21,01:00-08:30,713.3,708.8,4.5,0.0,0.0
2011-11-28,01:00-08:30,681.5,675.5,6.0,0.0,0.0
2011-12-05,01:00-08:30,742.6,738.1,4.5,0.0,0.0
2011-12-12,01:00-08:30,743.7,736.6,7.100000000000023,0.0,0.0
2011-12-19,01:00-08:30,720.2,713.0,7.2000000000000455,0.0,0.0
2012-01-09,01:00-08:30,746.5,742.6,3.8999999999999773,0.0,0.0
2012-01-16,01:00-08:30,761.8,758.5,3.2999999999999545,0.0,0.0
2012-01-23,01:00-08:30,780.7,778.7,2.0,0.0,0.0
2012-01-30,01:00-08:30,795.3,790.9,4.399999999999977,0.0,0.0
2012-02-06,01:00-08:30,826.4,824.2,2.199999999999932,0.0,0.0
2012-02-13,01:00-08:30,819.9,815.3,4.600000000000023,0.0,0.0
2012-02-20,01:00-08:30,834.6,832.3,2.300000000000068,0.0,0.0
2012-02-27,01:00-08:30,825.5,821.4,4.100000000000023,0.0,0.0
2012-03-05,01:00-08:30,802.3,797.4,4.899999999999977,0.0,0.0
2012-03-12,01:00-08:30,813.6,810.5,3.1000000000000227,0.0,0.0
2012-03-19,01:00-08:30,829.1,825.8,3.300000000000068,0.0,0.0
2012-03-26,01:00-08:30,831.4,829.1,2.2999999999999545,0.0,0.0
2012-04-02,01:00-08:30,832.0,829.0,3.0,0.0,0.0
2012-04-09,01:00-08:30,800.9,797.5,3.3999999999999773,0.0,0.0
2012-04-16,01:00-08:30,792.2,788.3,3.900000000000091,0.0,0.0
2012-04-23,01:00-08:30,800.9,798.0,2.8999999999999773,0.0,0.0
2012-04-30,01:00-08:30,827.2,823.6,3.6000000000000227,0.0,0.0
2012-05-07,01:00-08:30,779.4,775.8,3.6000000000000227,0.0,0.0
2012-05-14,01:00-08:30,791.0,783.3,7.7000000000000455,0.0,0.0
2012-05-21,01:00-08:30,750.5,742.9,7.600000000000023,0.0,0.0
2012-05-28,01:00-08:30,772.6,767.4,5.2000000000000455,0.0,0.0
2012-06-04,01:00-08:30,731.5,728.5,3.0,0.0,0.0
2012-06-11,01:00-08:30,779.4,775.1,4.2999999999999545,0.0,0.0
2012-06-18,01:00-08:30,773.6,769.4,4.2000000000000455,0.0,0.0
2012-06-25,01:00-08:30,767.3,763.7,3.599999999999909,0.0,0.0
2012-07-02,01:00-08:30,798.2,793.0,5.2000000000000455,0.0,0.0
2012-07-09,01:00-08:30,803.6,800.8,2.800000000000068,0.0,0.0
2012-07-16,01:00-08:30,796.7,794.8,1.900000000000091,0.0,0.0
2012-07-23,01:00-08:30,786.7,782.3,4.400000000000091,0.0,0.0
2012-07-30,01:00-08:30,795.3,792.0,3.2999999999999545,0.0,0.0
2012-08-06,01:00-08:30,788.5,786.2,2.2999999999999545,0.0,0.0
2012-08-13,01:00-08:30,798.4,795.4,3.0,0.0,0.0
2012-08-20,01:00-08:30,817.2,815.5,1.7000000000000455,0.0,0.0
2012-08-27,01:00-08:30,809.4,807.6,1.7999999999999545,0.0,0.0
2012-09-03,01:00-08:30,810.3,805.1,5.199999999999932,0.0,0.0
2012-09-10,01:00-08:30,842.1,839.9,2.2000000000000455,0.0,0.0
2012-09-17,01:00-08:30,859.7,855.5,4.2000000000000455,0.0,0.0
2012-09-24,01:00-08:30,852.9,848.8,4.100000000000023,0.0,0.0
2012-10-01,01:00-08:30,834.8,830.5,4.2999999999999545,0.0,0.0
2012-10-08,01:00-08:30,838.7,836.9,1.8000000000000682,0.0,0.0
2012-10-15,01:00-08:30,819.5,815.8,3.7000000000000455,0.0,0.0
2012-10-22,01:00-08:30,817.4,811.3,6.100000000000023,0.0,0.0
2012-10-29,01:00-08:30,810.2,807.5,2.7000000000000455,0.0,0.0
2012-11-05,01:00-08:30,812.3,808.4,3.8999999999999773,0.0,0.0
2012-11-12,01:00-08:30,795.5,791.6,3.8999999999999773,0.0,0.0
2012-11-19,01:00-08:30,778.4,776.2,2.199999999999932,0.0,0.0
2012-11-26,01:00-08:30,804.1,802.2,1.8999999999999773,0.0,0.0
2012-12-03,01:00-08:30,825.2,821.4,3.800000000000068,0.0,0.0
2012-12-10,01:00-08:30,825.2,822.9,2.300000000000068,0.0,0.0
2012-12-17,01:00-08:30,826.4,824.3,2.1000000000000227,0.0,0.0
2012-12-24,01:00-08:30,846.4,843.3,3.1000000000000227,0.0,0.0
2012-12-31,01:00-08:30,826.9,824.9,2.0,0.0,0.0
2013-01-07,01:00-08:30,874.0,871.4,2.6000000000000227,0.0,0.0
2013-01-14,01:00-08:30,881.2,877.6,3.6000000000000227,0.0,0.0
2013-01-21,01:00-08:30,892.4,890.9,1.5,0.0,0.0
2013-01-28,01:00-08:30,904.3,902.2,2.099999999999909,0.0,0.0
2013-02-04,01:00-08:30,908.5,907.1,1.3999999999999773,0.0,0.0
2013-02-11,01:00-08:30,913.3,911.9,1.3999999999999773,0.0,0.0
2013-02-18,01:00-08:30,922.9,921.6,1.2999999999999545,0.0,0.0
2013-02-25,01:00-08:30,916.2,913.0,3.2000000000000455,0.0,0.0
2013-03-04,01:00-08:30,912.9,908.2,4.699999999999932,0.0,0.0
2013-03-11,01:00-08:30,937.4,935.3,2.1000000000000227,0.0,0.0
2013-03-18,01:00-08:30,938.9,933.5,5.399999999999977,0.0,0.0
2013-03-25,01:00-08:30,949.1,943.9,5.2000000000000455,0.0,0.0
2013-04-01,01:00-08:30,948.2,945.5,2.7000000000000455,0.0,0.0
2013-04-08,01:00-08:30,922.8,919.9,2.8999999999999773,0.0,0.0
2013-04-15,01:00-08:30,939.8,933.2,6.599999999999909,0.0,0.0
2013-04-22,01:00-08:30,914.0,908.4,5.600000000000023,0.0,0.0
2013-04-29,01:00-08:30,933.2,930.6,2.6000000000000227,0.0,0.0
2013-05-06,01:00-08:30,952.9,951.6,1.2999999999999545,0.0,0.0
2013-05-13,01:00-08:30,971.8,969.0,2.7999999999999545,0.0,0.0
2013-05-20,01:00-08:30,993.4,991.3,2.1000000000000227,0.0,0.0
2013-05-27,01:00-08:30,987.5,982.7,4.7999999999999545,0.0,0.0
2013-06-03,01:00-08:30,986.5,981.9,4.600000000000023,0.0,0.0
2013-06-10,01:00-08:30,986.2,981.5,4.7000000000000455,0.0,0.0
2013-06-17,01:00-08:30,983.9,977.9,6.0,0.0,0.0
2013-06-24,01:00-08:30,958.4,950.4,8.0,0.0,0.0
2013-07-01,01:00-08:30,977.0,970.6,6.399999999999977,0.0,0.0
2013-07-08,01:00-08:30,1006.4,1002.6,3.7999999999999545,0.0,0.0
2013-07-15,01:00-08:30,1035.4,1032.4,3.0,0.0,0.0
2013-07-22,01:00-08:30,1052.7,1050.1,2.6000000000001364,0.0,0.0
2013-07-29,01:00-08:30,1047.0,1043.7,3.2999999999999545,0.0,0.0
2013-08-05,01:00-08:30,1058.0,1055.8,2.2000000000000455,0.0,0.0
2013-08-12,01:00-08:30,1047.3,1043.7,3.599999999999909,0.0,0.0
2013-08-19,01:00-08:30,1022.4,1019.7,2.699999999999932,0.0,0.0
2013-08-26,01:00-08:30,1042.0,1037.2,4.7999999999999545,0.0,0.0
2013-09-02,01:00-08:30,1020.3,1015.8,4.5,0.0,0.0
2013-09-09,01:00-08:30,1032.3,1029.5,2.7999999999999545,0.0,0.0
2013-09-16,01:00-08:30,1065.6,1063.0,2.599999999999909,0.0,0.0
2013-09-23,01:00-08:30,1072.1,1068.4,3.699999999999818,0.0,0.0
2013-09-30,01:00-08:30,1064.5,1061.1,3.400000000000091,0.0,0.0
2013-10-07,01:00-08:30,1070.7,1067.2,3.5,0.0,0.0
2013-10-14,01:00-08:30,1076.8,1071.5,5.2999999999999545,0.0,0.0
2013-10-21,01:00-08:30,1114.7,1112.0,2.7000000000000455,0.0,0.0
2013-10-28,01:00-08:30,1121.2,1115.0,6.2000000000000455,0.0,0.0
2013-11-04,01:00-08:30,1095.6,1092.0,3.599999999999909,0.0,0.0
2013-11-11,01:00-08:30,1097.0,1094.5,2.5,0.0,0.0
2013-11-18,01:00-08:30,1113.9,1112.2,1.7000000000000455,0.0,0.0
2013-11-25,01:00-08:30,1128.9,1125.8,3.1000000000001364,0.0,0.0
2013-12-02,01:00-08:30,1142.7,1141.0,1.7000000000000455,0.0,0.0
2013-12-09,01:00-08:30,1132.0,1130.4,1.599999999999909,0.0,0.0
2013-12-16,01:00-08:30,1103.5,1092.0,11.5,0.0,0.0
2013-12-23,01:00-08:30,1147.9,1146.1,1.800000000000182,0.0,0.0
2013-12-30,01:00-08:30,1158.7,1156.4,2.2999999999999545,0.0,0.0
2014-01-06,01:00-08:30,1155.9,1152.3,3.6000000000001364,4.0,4.4330049261083735
2014-01-13,01:00-08:30,1161.4,1158.3,3.1000000000001364,4.0,4.4330049261083735
2014-01-20,01:00-08:30,1166.6,1163.5,3.099999999999909,4.0,4.4330049261083735
2014-01-27,01:00-08:30,1144.9,1137.5,7.400000000000091,4.0,4.4330049261083735
2014-02-03,01:00-08:30,1131.7,1125.3,6.400000000000091,4.0,4.4330049261083735
2014-02-10,01:00-08:30,1113.4,1111.3,2.1000000000001364,4.0,4.4330049261083735
2014-02-17,01:00-08:30,1147.4,1143.6,3.800000000000182,4.0,4.4330049261083735
2014-02-24,01:00-08:30,1166.2,1159.6,6.600000000000136,4.0,4.4330049261083735
2014-03-03,01:00-08:30,1171.0,1163.6,7.400000000000091,4.0,4.4330049261083735
2014-03-10,01:00-08:30,1201.4,1197.3,4.100000000000136,4.0,4.4330049261083735
2014-03-17,01:00-08:30,1177.5,1171.8,5.7000000000000455,4.0,4.4330049261083735
2014-03-24,01:00-08:30,1190.2,1185.4,4.7999999999999545,4.0,4.4330049261083735
2014-03-31,01:00-08:30,1154.6,1151.9,2.699999999999818,4.0,4.4330049261083735
2014-04-07,01:00-08:30,1150.0,1142.9,7.099999999999909,4.0,4.4330049261083735
2014-04-14,01:00-08:30,1108.0,1103.1,4.900000000000091,4.0,4.4330049261083735
2014-04-22,01:00-08:30,1138.9,1134.1,4.800000000000182,4.0,4.4330049261083735
2014-04-28,01:00-08:30,1122.8,1118.5,4.2999999999999545,4.0,4.4330049261083735
2014-05-05,01:00-08:30,1127.4,1122.3,5.100000000000136,4.0,4.4330049261083735
2014-05-12,01:00-08:30,1108.2,1106.2,2.0,4.0,4.4330049261083735
2014-05-19,01:00-08:30,1102.6,1097.9,4.699999999999818,4.0,4.4330049261083735
2014-06-02,01:00-08:30,1136.2,1132.2,4.0,4.0,4.4330049261083735
2014-06-09,01:00-08:30,1166.7,1164.1,2.6000000000001364,4.0,4.4330049261083735
2014-06-16,01:00-08:30,1155.0,1149.3,5.7000000000000455,4.0,4.4330049261083735
2014-06-23,01:00-08:30,1188.0,1182.7,5.2999999999999545,4.0,4.4330049261083735
2014-06-30,01:00-08:30,1183.1,1180.8,2.2999999999999545,4.0,4.4330049261083735
2014-07-14,01:00-08:30,1160.5,1156.0,4.5,4.0,4.4330049261083735
2014-07-21,01:00-08:30,1145.8,1144.1,1.7000000000000455,4.0,4.4330049261083735
2014-07-28,01:00-08:30,1141.3,1136.6,4.7000000000000455,4.0,4.4330049261083735
2014-08-04,01:00-08:30,1118.1,1112.3,5.7999999999999545,4.0,4.4330049261083735
2014-08-11,01:00-08:30,1132.0,1128.6,3.400000000000091,4.0,4.4330049261083735
2014-08-18,01:00-08:30,1148.7,1146.4,2.2999999999999545,4.0,4.4330049261083735
2014-08-25,01:00-08:30,1168.9,1160.1,8.800000000000182,4.0,4.4330049261083735
2014-09-08,01:00-08:30,1170.2,1168.3,1.900000000000091,4.0,4.4330049261083735
2014-09-15,01:00-08:30,1150.4,1148.7,1.7000000000000455,4.0,4.4330049261083735
2014-09-22,01:00-08:30,1139.3,1129.4,9.899999999999864,4.0,4.4330049261083735
2014-09-29,01:00-08:30,1113.6,1107.6,6.0,4.0,4.4330049261083735
2014-10-06,01:00-08:30,1106.5,1101.0,5.5,4.0,4.4330049261083735
2014-10-13,01:00-08:30,1043.4,1038.7,4.7000000000000455,4.0,4.4330049261083735
2014-10-20,01:00-08:30,1084.7,1080.9,3.7999999999999545,4.0,4.4330049261083735
2014-10-27,01:00-08:30,1119.0,1114.29,4.710000000000036,4.0,4.4330049261083735
2014-11-03,01:00-08:30,1169.9,1168.1,1.800000000000182,4.0,4.4330049261083735
2014-11-10,01:00-08:30,1174.7,1170.3,4.400000000000091,4.0,4.4330049261083735
2014-11-17,01:00-08:30,1172.3,1164.5,7.7999999999999545,4.0,4.4330049261083735
2014-11-24,01:00-08:30,1171.8,1168.8,3.0,4.0,4.4330049261083735
2014-12-01,01:00-08:30,1171.5,1162.0,9.5,4.0,4.4330049261083735
2014-12-08,01:00-08:30,1184.8,1181.6,3.2000000000000455,4.0,4.4330049261083735
2014-12-15,01:00-08:30,1148.2,1142.1,6.100000000000136,4.0,4.4330049261083735
2014-12-22,01:00-08:30,1196.5,1193.1,3.400000000000091,4.0,4.4330049261083735
2014-12-29,01:00-08:30,1218.1,1215.2,2.8999999999998636,4.0,4.4330049261083735
2015-01-05,01:00-08:30,1194.3,1186.0,8.299999999999955,4.0,4.501034482758628
2015-01-12,01:00-08:30,1182.4,1178.5,3.900000000000091,4.0,4.501034482758628
2015-01-19,01:00-08:30,1178.3,1167.4,10.899999999999864,4.0,4.501034482758628
2015-01-26,01:00-08:30,1180.8,1174.3,6.5,4.0,4.501034482758628
2015-02-02,01:00-08:30,1164.4,1159.8,4.600000000000136,4.0,4.501034482758628
2015-02-09,01:00-08:30,1201.9,1198.1,3.800000000000182,4.0,4.501034482758628
2015-02-16,01:00-08:30,1222.5,1218.9,3.599999999999909,4.0,4.501034482758628
2015-02-23,01:00-08:30,1228.1,1226.8,1.2999999999999545,4.0,4.501034482758628
2015-03-02,01:00-08:30,1234.2,1232.1,2.1000000000001364,4.0,4.501034482758628
2015-03-09,01:00-08:30,1218.6,1216.4,2.199999999999818,4.0,4.501034482758628
2015-03-16,01:00-08:30,1228.6,1223.4,5.199999999999818,4.0,4.501034482758628
2015-03-23,01:00-08:30,1263.8,1261.5,2.2999999999999545,4.0,4.501034482758628
2015-03-30,01:00-08:30,1240.3,1232.5,7.7999999999999545,4.0,4.501034482758628
2015-04-06,01:00-08:30,1241.4,1236.8,4.600000000000136,4.0,4.501034482758628
2015-04-13,01:00-08:30,1262.7,1260.4,2.2999999999999545,4.0,4.501034482758628
2015-04-20,01:00-08:30,1256.5,1252.0,4.5,4.0,4.501034482758628
2015-04-27,01:00-08:30,1264.8,1263.4,1.3999999999998636,4.0,4.501034482758628
2015-05-11,01:00-08:30,1231.3,1227.4,3.8999999999998636,4.0,4.501034482758628
2015-05-18,01:00-08:30,1243.5,1240.2,3.2999999999999545,4.0,4.501034482758628
2015-05-25,01:00-08:30,1251.9,1249.2,2.7000000000000455,4.0,4.501034482758628
2015-06-01,01:00-08:30,1248.6,1244.8,3.7999999999999545,4.0,4.501034482758628
2015-06-08,01:00-08:30,1260.5,1256.6,3.900000000000091,4.0,4.501034482758628
2015-06-15,01:00-08:30,1255.9,1252.9,3.0,4.0,4.501034482758628
2015-06-22,01:00-08:30,1283.5,1280.9,2.599999999999909,4.0,4.501034482758628
2015-06-29,01:00-08:30,1264.9,1257.6,7.300000000000182,4.0,4.501034482758628
2015-07-06,01:00-08:30,1235.8,1228.0,7.7999999999999545,4.0,4.501034482758628
2015-07-13,01:00-08:30,1244.7,1237.4,7.2999999999999545,4.0,4.501034482758628
2015-07-20,01:00-08:30,1264.0,1262.2,1.7999999999999545,4.0,4.501034482758628
2015-07-27,01:00-08:30,1224.8,1221.3,3.5,4.0,4.501034482758628
2015-08-03,01:00-08:30,1236.0,1232.3,3.7000000000000455,4.0,4.501034482758628
2015-08-10,01:00-08:30,1207.3,1202.0,5.2999999999999545,4.0,4.501034482758628
2015-08-24,01:00-08:30,1153.2,1122.8,30.40000000000009,4.0,4.501034482758628
2015-08-31,01:00-08:30,1155.9,1150.0,5.900000000000091,4.0,4.501034482758628
2015-09-07,01:00-08:30,1147.2,1135.2,12.0,4.0,4.501034482758628
2015-09-14,01:00-08:30,1162.1,1153.0,9.099999999999909,4.0,4.501034482758628
2015-09-21,01:00-08:30,1162.0,1155.2,6.7999999999999545,4.0,4.501034482758628
2015-09-28,01:00-08:30,1118.0,1111.0,7.0,4.0,4.501034482758628
2015-10-05,01:00-08:30,1117.9,1110.4,7.5,4.0,4.501034482758628
2015-10-12,01:00-08:30,1161.4,1157.8,3.6000000000001364,4.0,4.501034482758628
2015-10-19,01:00-08:30,1155.5,1151.7,3.7999999999999545,4.0,4.501034482758628
2015-10-26,01:00-08:30,1161.1,1158.3,2.7999999999999545,4.0,4.501034482758628
2015-11-02,01:00-08:30,1154.8,1151.7,3.099999999999909,4.0,4.501034482758628
2015-11-09,01:00-08:30,1201.2,1198.1,3.1000000000001364,4.0,4.501034482758628
2015-11-16,01:00-08:30,1142.6,1135.3,7.2999999999999545,4.0,4.501034482758628
2015-11-23,01:00-08:30,1175.1,1172.4,2.699999999999818,4.0,4.501034482758628
2015-11-30,01:00-08:30,1202.8,1200.0,2.7999999999999545,4.0,4.501034482758628
2015-12-07,01:00-08:30,1183.7,1181.4,2.2999999999999545,4.0,4.501034482758628
2015-12-14,01:00-08:30,1123.0,1117.4,5.599999999999909,4.0,4.501034482758628
2015-12-21,01:00-08:30,1118.4,1115.6,2.800000000000182,4.0,4.501034482758628
2015-12-28,01:00-08:30,1147.3,1143.9,3.3999999999998636,4.0,4.501034482758628
2016-01-04,01:00-08:30,1136.6,1118.3,18.299999999999955,4.0,4.2114356435643625
2016-01-11,01:00-08:30,1043.6,1032.0,11.599999999999909,4.0,4.2114356435643625
2016-01-18,01:00-08:30,1009.8,1001.8,8.0,4.0,4.2114356435643625
2016-01-25,01:00-08:30,1016.2,1011.3,4.900000000000091,4.0,4.2114356435643625
2016-02-01,01:00-08:30,1033.0,1028.8,4.2000000000000455,4.0,4.2114356435643625
2016-02-08,01:00-08:30,991.5,986.2,5.2999999999999545,4.0,4.2114356435643625
2016-02-15,01:00-08:30,979.1,972.1,7.0,4.0,4.2114356435643625
2016-02-22,01:00-08:30,1016.5,1006.0,10.5,4.0,4.2114356435643625
2016-02-29,01:00-08:30,1037.4,1027.1,10.300000000000182,4.0,4.2114356435643625
2016-03-07,01:00-08:30,1080.7,1078.0,2.7000000000000455,4.0,4.2114356435643625
2016-03-14,01:00-08:30,1080.0,1078.0,2.0,4.0,4.2114356435643625
2016-03-21,01:00-08:30,1096.1,1092.9,3.199999999999818,4.0,4.2114356435643625
2016-04-04,01:00-08:30,1114.6,1111.1,3.5,4.0,4.2114356435643625
2016-04-11,01:00-08:30,1095.8,1089.4,6.399999999999864,4.0,4.2114356435643625
2016-04-18,01:00-08:30,1122.8,1118.8,4.0,4.0,4.2114356435643625
2016-04-25,01:00-08:30,1147.0,1142.0,5.0,4.0,4.2114356435643625
2016-05-02,01:00-08:30,1129.9,1126.4,3.5,4.0,4.2114356435643625
2016-05-09,01:00-08:30,1117.9,1114.6,3.300000000000182,4.0,4.2114356435643625
2016-05-16,01:00-08:30,1105.0,1098.3,6.7000000000000455,4.0,4.2114356435643625
2016-05-23,01:00-08:30,1114.5,1109.1,5.400000000000091,4.0,4.2114356435643625
2016-05-30,01:00-08:30,1153.5,1150.5,3.0,4.0,4.2114356435643625
2016-06-06,01:00-08:30,1162.6,1159.4,3.199999999999818,4.0,4.2114356435643625
2016-06-13,01:00-08:30,1157.1,1154.3,2.7999999999999545,4.0,4.2114356435643625
2016-06-20,01:00-08:30,1154.8,1147.9,6.899999999999864,4.0,4.2114356435643625
2016-06-27,01:00-08:30,1112.5,1101.4,11.099999999999909,4.0,4.2114356435643625
2016-07-11,01:00-08:30,1179.4,1171.4,8.0,4.0,4.2114356435643625
2016-07-18,01:00-08:30,1205.4,1201.6,3.800000000000182,4.0,4.2114356435643625
2016-07-25,01:00-08:30,1213.4,1207.2,6.2000000000000455,4.0,4.2114356435643625
2016-08-01,01:00-08:30,1224.8,1219.7,5.099999999999909,4.0,4.2114356435643625
2016-08-08,01:00-08:30,1229.5,1227.4,2.099999999999909,4.0,4.2114356435643625
2016-08-29,01:00-08:30,1237.8,1235.8,2.0,4.0,4.2114356435643625
2016-09-05,01:00-08:30,1253.8,1252.4,1.3999999999998636,4.0,4.2114356435643625
2016-09-12,01:00-08:30,1209.3,1198.6,10.700000000000045,4.0,4.2114356435643625
2016-09-19,01:00-08:30,1227.5,1219.9,7.599999999999909,4.0,4.2114356435643625
2016-10-03,01:00-08:30,1249.8,1247.0,2.7999999999999545,4.0,4.2114356435643625
2016-10-10,01:00-08:30,1236.8,1233.3,3.5,4.0,4.2114356435643625
2016-10-17,01:00-08:30,1208.1,1203.4,4.699999999999818,4.0,4.2114356435643625
2016-10-24,01:00-08:30,1219.5,1216.1,3.400000000000091,4.0,4.2114356435643625
2016-10-31,01:00-08:30,1190.2,1183.1,7.100000000000136,4.0,4.2114356435643625
2016-11-07,01:00-08:30,1182.0,1178.0,4.0,4.0,4.2114356435643625
2016-11-14,01:00-08:30,1288.2,1284.1,4.100000000000136,4.0,4.2114356435643625
2016-11-21,01:00-08:30,1316.7,1313.6,3.1000000000001364,4.0,4.2114356435643625
2016-11-28,01:00-08:30,1345.1,1341.5,3.599999999999909,4.0,4.2114356435643625
2016-12-05,01:00-08:30,1318.2,1310.0,8.200000000000045,4.0,4.2114356435643625
2016-12-12,01:00-08:30,1389.7,1378.5,11.200000000000045,4.0,4.2114356435643625
2016-12-19,01:00-08:30,1368.4,1365.6,2.800000000000182,4.0,4.2114356435643625
2017-01-09,01:00-08:30,1367.0,1364.5,2.5,4.0,4.727602040816331
2017-01-16,01:00-08:30,1371.7,1368.6,3.1000000000001364,4.0,4.727602040816331
2017-01-23,01:00-08:30,1347.7,1344.3,3.400000000000091,4.0,4.727602040816331
2017-01-30,01:00-08:30,1362.9,1359.5,3.400000000000091,4.0,4.727602040816331
2017-02-06,01:00-08:30,1378.5,1373.3,5.2000000000000455,4.0,4.727602040816331
2017-02-13,01:00-08:30,1392.9,1389.2,3.7000000000000455,4.0,4.727602040816331
2017-02-20,01:00-08:30,1404.9,1396.0,8.900000000000091,4.0,4.727602040816331
2017-02-27,01:00-08:30,1397.2,1391.5,5.7000000000000455,4.0,4.727602040816331
2017-03-06,01:00-08:30,1385.9,1381.0,4.900000000000091,4.0,4.727602040816331
2017-03-13,01:00-08:30,1361.6,1358.5,3.099999999999909,4.0,4.727602040816331
2017-03-20,01:00-08:30,1389.1,1385.8,3.2999999999999545,4.0,4.727602040816331
2017-03-27,01:00-08:30,1343.3,1338.1,5.2000000000000455,4.0,4.727602040816331
2017-04-03,01:00-08:30,1387.8,1381.9,5.899999999999864,4.0,4.727602040816331
2017-04-10,01:00-08:30,1367.6,1361.9,5.699999999999818,4.0,4.727602040816331
2017-04-17,01:00-08:30,1345.1,1341.0,4.099999999999909,4.0,4.727602040816331
2017-04-24,01:00-08:30,1400.5,1393.0,7.5,4.0,4.727602040816331
2017-05-01,01:00-08:30,1402.4,1396.0,6.400000000000091,4.0,4.727602040816331
2017-05-08,01:00-08:30,1396.9,1393.2,3.7000000000000455,4.0,4.727602040816331
2017-05-15,01:00-08:30,1386.5,1382.4,4.099999999999909,4.0,4.727602040816331
2017-05-22,01:00-08:30,1368.9,1365.5,3.400000000000091,4.0,4.727602040816331
2017-06-05,01:00-08:30,1405.4,1401.7,3.7000000000000455,4.0,4.727602040816331
2017-06-12,01:00-08:30,1422.8,1419.1,3.7000000000000455,4.0,4.727602040816331
2017-06-19,01:00-08:30,1414.2,1409.8,4.400000000000091,4.0,4.727602040816331
2017-06-26,01:00-08:30,1416.9,1411.1,5.800000000000182,4.0,4.727602040816331
2017-07-03,01:00-08:30,1416.4,1413.5,2.900000000000091,4.0,4.727602040816331
2017-07-20,01:00-08:30,1441.3,1440.0,1.2999999999999545,4.0,4.727602040816331
2017-08-01,01:00-08:30,1429.8,1423.7,6.099999999999909,4.0,4.727602040816331
2017-08-03,01:00-08:30,1429.3,1409.0,20.299999999999955,4.0,4.727602040816331
2017-08-09,01:00-08:30,1408.0,1397.8,10.200000000000045,4.0,4.727602040816331
2017-08-10,01:00-08:30,1398.8,1392.5,6.2999999999999545,4.0,4.727602040816331
2017-08-11,01:00-08:30,1370.5,1366.1,4.400000000000091,4.0,4.727602040816331
2017-08-14,01:00-08:30,1382.2,1375.4,6.7999999999999545,4.0,4.727602040816331
2017-08-17,01:00-08:30,1381.9,1379.6,2.300000000000182,4.0,4.727602040816331
2017-08-21,01:00-08:30,1360.9,1353.5,7.400000000000091,4.0,4.727602040816331
2017-08-22,01:00-08:30,1362.0,1356.0,6.0,4.0,4.727602040816331
2017-08-23,01:00-08:30,1372.2,1365.4,6.7999999999999545,4.0,4.727602040816331
2017-08-25,01:00-08:30,1374.5,1363.8,10.700000000000045,4.0,4.727602040816331
2017-08-28,01:00-08:30,1377.7,1372.4,5.2999999999999545,4.0,4.727602040816331
2017-08-29,01:00-08:30,1377.6,1371.9,5.699999999999818,4.0,4.727602040816331
2017-09-01,01:00-08:30,1406.6,1404.5,2.099999999999909,4.0,4.727602040816331
2017-09-04,01:00-08:30,1408.0,1404.9,3.099999999999909,4.0,4.727602040816331
2017-09-06,01:00-08:30,1402.2,1397.9,4.2999999999999545,4.0,4.727602040816331
2017-09-11,01:00-08:30,1411.1,1407.3,3.7999999999999545,4.0,4.727602040816331
2017-09-12,01:00-08:30,1417.1,1414.9,2.199999999999818,4.0,4.727602040816331
2017-09-13,01:00-08:30,1423.3,1420.3,3.0,4.0,4.727602040816331
2017-09-14,01:00-08:30,1426.4,1424.2,2.2000000000000455,4.0,4.727602040816331
2017-09-15,01:00-08:30,1426.3,1420.5,5.7999999999999545,4.0,4.727602040816331
2017-09-18,01:00-08:30,1437.2,1433.3,3.900000000000091,4.0,4.727602040816331
2017-09-19,01:00-08:30,1443.1,1440.8,2.2999999999999545,4.0,4.727602040816331
2017-09-20,01:00-08:30,1441.4,1439.8,1.6000000000001364,4.0,4.727602040816331
2017-09-21,01:00-08:30,1447.8,1445.1,2.7000000000000455,4.0,4.727602040816331
2017-09-22,01:00-08:30,1445.0,1438.6,6.400000000000091,4.0,4.727602040816331
2017-09-25,01:00-08:30,1454.4,1449.0,5.400000000000091,4.0,4.727602040816331
2017-09-26,01:00-08:30,1454.7,1451.0,3.7000000000000455,4.0,4.727602040816331
2017-09-27,01:00-08:30,1460.6,1457.1,3.5,4.0,4.727602040816331
2017-09-28,01:00-08:30,1488.6,1485.7,2.8999999999998636,4.0,4.727602040816331
2017-09-29,01:00-08:30,1492.2,1490.4,1.7999999999999545,4.0,4.727602040816331
2017-10-02,01:00-08:30,1495.2,1492.8,2.400000000000091,4.0,4.727602040816331
2017-10-03,01:00-08:30,1514.1,1511.1,3.0,4.0,4.727602040816331
2017-10-04,01:00-08:30,1515.2,1512.1,3.1000000000001364,4.0,4.727602040816331
2017-10-05,01:00-08:30,1511.8,1509.6,2.2000000000000455,4.0,4.727602040816331
2017-10-06,01:00-08:30,1514.8,1513.7,1.099999999999909,4.0,4.727602040816331
2017-10-09,01:00-08:30,1514.3,1511.7,2.599999999999909,4.0,4.727602040816331
2017-10-10,01:00-08:30,1509.7,1507.2,2.5,4.0,4.727602040816331
2017-10-11,01:00-08:30,1510.4,1508.8,1.6000000000001364,4.0,4.727602040816331
2017-10-12,01:00-08:30,1508.3,1506.8,1.5,4.0,4.727602040816331
2017-10-16,01:00-08:30,1510.0,1507.6,2.400000000000091,4.0,4.727602040816331
2017-10-17,01:00-08:30,1506.3,1504.0,2.2999999999999545,4.0,4.727602040816331
2017-10-18,01:00-08:30,1501.6,1499.7,1.8999999999998636,4.0,4.727602040816331
2017-10-19,01:00-08:30,1507.4,1504.8,2.6000000000001364,4.0,4.727602040816331
2017-10-20,01:00-08:30,1513.8,1502.6,11.200000000000045,4.0,4.727602040816331
2017-10-23,01:00-08:30,1512.7,1509.6,3.1000000000001364,4.0,4.727602040816331
2017-10-24,01:00-08:30,1500.5,1498.2,2.2999999999999545,4.0,4.727602040816331
2017-10-25,01:00-08:30,1500.5,1496.6,3.900000000000091,4.0,4.727602040816331
2017-10-26,01:00-08:30,1498.6,1496.0,2.599999999999909,4.0,4.727602040816331
2017-10-27,01:00-08:30,1501.1,1495.9,5.199999999999818,4.0,4.727602040816331
2017-10-30,01:00-08:30,1507.2,1503.1,4.100000000000136,4.0,4.727602040816331
2017-10-31,01:00-08:30,1494.0,1490.4,3.599999999999909,4.0,4.727602040816331
2017-11-01,01:00-08:30,1508.8,1501.9,6.899999999999864,4.0,4.727602040816331
2017-11-02,01:00-08:30,1490.9,1482.2,8.700000000000045,4.0,4.727602040816331
2017-11-03,01:00-08:30,1496.4,1494.1,2.300000000000182,4.0,4.727602040816331
2017-11-06,01:00-08:30,1496.9,1489.2,7.7000000000000455,4.0,4.727602040816331
2017-11-07,01:00-08:30,1500.6,1496.5,4.099999999999909,4.0,4.727602040816331
2017-11-08,01:00-08:30,1476.6,1473.6,3.0,4.0,4.727602040816331
2017-11-09,01:00-08:30,1485.3,1476.7,8.599999999999909,4.0,4.727602040816331
2017-11-10,01:00-08:30,1479.9,1475.5,4.400000000000091,4.0,4.727602040816331
2017-11-13,01:00-08:30,1477.5,1473.4,4.099999999999909,4.0,4.727602040816331
2017-11-14,01:00-08:30,1474.2,1470.7,3.5,4.0,4.727602040816331
2017-11-15,01:00-08:30,1468.7,1461.3,7.400000000000091,4.0,4.727602040816331
2017-11-16,01:00-08:30,1471.1,1462.5,8.599999999999909,4.0,4.727602040816331
2017-11-17,01:00-08:30,1486.5,1482.0,4.5,4.0,4.727602040816331
2017-11-20,01:00-08:30,1492.3,1486.3,6.0,4.0,4.727602040816331
2017-11-21,01:00-08:30,1504.9,1501.8,3.1000000000001364,4.0,4.727602040816331
2017-11-22,01:00-08:30,1520.2,1516.5,3.7000000000000455,4.0,4.727602040816331
2017-11-23,01:00-08:30,1514.8,1512.4,2.3999999999998636,4.0,4.727602040816331
2017-11-24,01:00-08:30,1522.7,1518.8,3.900000000000091,4.0,4.727602040816331
2017-11-27,01:00-08:30,1520.7,1515.0,5.7000000000000455,4.0,4.727602040816331
2017-11-28,01:00-08:30,1515.4,1511.5,3.900000000000091,4.0,4.727602040816331
2017-11-29,01:00-08:30,1537.0,1534.5,2.5,4.0,4.727602040816331
2017-11-30,01:00-08:30,1544.6,1538.8,5.7999999999999545,4.0,4.727602040816331
2017-12-01,01:00-08:30,1543.6,1538.8,4.7999999999999545,4.0,4.727602040816331
2017-12-04,01:00-08:30,1557.5,1550.7,6.7999999999999545,4.0,4.727602040816331
2017-12-05,01:00-08:30,1537.7,1532.6,5.100000000000136,4.0,4.727602040816331
2017-12-06,01:00-08:30,1519.6,1512.3,7.2999999999999545,4.0,4.727602040816331
2017-12-07,01:00-08:30,1516.4,1512.8,3.6000000000001364,4.0,4.727602040816331
2017-12-08,01:00-08:30,1528.3,1523.0,5.2999999999999545,4.0,4.727602040816331
2017-12-11,01:00-08:30,1527.8,1524.7,3.099999999999909,4.0,4.727602040816331
2017-12-12,01:00-08:30,1527.7,1525.4,2.2999999999999545,4.0,4.727602040816331
2017-12-13,01:00-08:30,1519.4,1512.7,6.7000000000000455,4.0,4.727602040816331
2017-12-14,01:00-08:30,1531.3,1527.5,3.7999999999999545,4.0,4.727602040816331
2017-12-15,01:00-08:30,1516.0,1509.3,6.7000000000000455,4.0,4.727602040816331
2017-12-18,01:00-08:30,1543.9,1537.9,6.0,4.0,4.727602040816331
2017-12-19,01:00-08:30,1552.5,1550.4,2.099999999999909,4.0,4.727602040816331
2017-12-20,01:00-08:30,1545.2,1542.3,2.900000000000091,4.0,4.727602040816331
2017-12-21,01:00-08:30,1542.7,1540.5,2.2000000000000455,4.0,4.727602040816331
2017-12-22,01:00-08:30,1553.2,1550.8,2.400000000000091,4.0,4.727602040816331
2017-12-26,01:00-08:30,1546.8,1542.8,4.0,4.0,4.727602040816331
2017-12-27,01:00-08:30,1550.5,1548.2,2.2999999999999545,4.0,4.727602040816331
2017-12-28,01:00-08:30,1546.9,1545.2,1.7000000000000455,4.0,4.727602040816331
2017-12-29,01:00-08:30,1551.9,1549.7,2.2000000000000455,4.0,4.727602040816331
2018-01-02,01:00-08:30,1544.6,1539.4,5.199999999999818,4.0,4.81746212121213
2018-01-03,01:00-08:30,1551.9,1549.7,2.2000000000000455,4.0,4.81746212121213
2018-01-04,01:00-08:30,1558.0,1552.8,5.2000000000000455,4.0,4.81746212121213
2018-01-05,01:00-08:30,1559.1,1556.3,2.7999999999999545,4.0,4.81746212121213
2018-01-08,01:00-08:30,1565.4,1563.2,2.2000000000000455,4.0,4.81746212121213
2018-01-09,01:00-08:30,1563.0,1558.9,4.099999999999909,4.0,4.81746212121213
2018-01-10,01:00-08:30,1560.1,1556.3,3.7999999999999545,4.0,4.81746212121213
2018-01-11,01:00-08:30,1564.2,1559.1,5.100000000000136,4.0,4.81746212121213
2018-01-12,01:00-08:30,1589.8,1585.4,4.399999999999864,4.0,4.81746212121213
2018-01-15,01:00-08:30,1601.2,1597.1,4.100000000000136,4.0,4.81746212121213
2018-01-16,01:00-08:30,1599.3,1592.7,6.599999999999909,4.0,4.81746212121213
2018-01-17,01:00-08:30,1582.4,1577.1,5.300000000000182,4.0,4.81746212121213
2018-01-18,01:00-08:30,1592.0,1585.6,6.400000000000091,4.0,4.81746212121213
2018-01-19,01:00-08:30,1578.7,1572.5,6.2000000000000455,4.0,4.81746212121213
2018-01-22,01:00-08:30,1597.6,1593.9,3.699999999999818,4.0,4.81746212121213
2018-01-23,01:00-08:30,1610.5,1606.1,4.400000000000091,4.0,4.81746212121213
2018-01-24,01:00-08:30,1614.6,1610.4,4.199999999999818,4.0,4.81746212121213
2018-01-25,01:00-08:30,1604.4,1598.3,6.100000000000136,4.0,4.81746212121213
2018-01-26,01:00-08:30,1607.1,1604.2,2.8999999999998636,4.0,4.81746212121213
2018-01-29,01:00-08:30,1612.9,1608.5,4.400000000000091,4.0,4.81746212121213
2018-01-30,01:00-08:30,1601.5,1581.9,19.59999999999991,4.0,4.81746212121213
2018-01-31,01:00-08:30,1594.3,1586.1,8.200000000000045,4.0,4.81746212121213
2018-02-01,01:00-08:30,1584.0,1579.4,4.599999999999909,4.0,4.81746212121213
2018-02-02,01:00-08:30,1583.5,1572.0,11.5,4.0,4.81746212121213
2018-02-05,01:00-08:30,1542.6,1530.8,11.799999999999955,4.0,4.81746212121213
2018-02-06,01:00-08:30,1473.9,1415.1,58.80000000000018,4.0,4.81746212121213
2018-02-07,01:00-08:30,1508.5,1487.5,21.0,4.0,4.81746212121213
2018-02-08,01:00-08:30,1503.1,1488.3,14.799999999999955,4.0,4.81746212121213
2018-02-09,01:00-08:30,1477.0,1461.8,15.200000000000045,4.0,4.81746212121213
2018-02-12,01:00-08:30,1487.2,1482.5,4.7000000000000455,4.0,4.81746212121213
2018-02-13,01:00-08:30,1491.0,1481.6,9.400000000000091,4.0,4.81746212121213
2018-02-14,01:00-08:30,1500.5,1495.6,4.900000000000091,4.0,4.81746212121213
2018-02-15,01:00-08:30,1530.4,1520.4,10.0,4.0,4.81746212121213
2018-02-16,01:00-08:30,1543.8,1539.5,4.2999999999999545,4.0,4.81746212121213
2018-02-19,01:00-08:30,1551.0,1545.7,5.2999999999999545,4.0,4.81746212121213
2018-02-20,01:00-08:30,1540.8,1533.3,7.5,4.0,4.81746212121213
2018-02-21,01:00-08:30,1536.4,1526.8,9.600000000000136,4.0,4.81746212121213
2018-02-22,01:00-08:30,1525.9,1517.0,8.900000000000091,4.0,4.81746212121213
2018-02-23,01:00-08:30,1545.4,1535.7,9.700000000000045,4.0,4.81746212121213
2018-02-26,01:00-08:30,1553.3,1546.4,6.899999999999864,4.0,4.81746212121213
2018-02-27,01:00-08:30,1562.4,1556.1,6.300000000000182,4.0,4.81746212121213
2018-02-28,01:00-08:30,1541.4,1532.3,9.100000000000136,4.0,4.81746212121213
2018-03-01,01:00-08:30,1516.0,1504.1,11.900000000000091,4.0,4.81746212121213
2018-03-02,01:00-08:30,1509.7,1500.2,9.5,4.0,4.81746212121213
2018-03-05,01:00-08:30,1527.8,1516.2,11.599999999999909,4.0,4.81746212121213
2018-03-06,01:00-08:30,1549.7,1543.4,6.2999999999999545,4.0,4.81746212121213
2018-03-07,01:00-08:30,1549.8,1538.0,11.799999999999955,4.0,4.81746212121213
2018-03-08,01:00-08:30,1582.0,1576.5,5.5,4.0,4.81746212121213
2018-03-09,01:00-08:30,1581.1,1574.1,7.0,4.0,4.81746212121213
2018-03-12,01:00-08:30,1609.5,1603.7,5.7999999999999545,4.0,4.81746212121213
2018-03-13,01:00-08:30,1607.2,1604.3,2.900000000000091,4.0,4.81746212121213
2018-03-14,01:00-08:30,1599.5,1594.8,4.7000000000000455,4.0,4.81746212121213
2018-03-15,01:00-08:30,1592.6,1582.9,9.699999999999818,4.0,4.81746212121213
2018-03-16,01:00-08:30,1585.7,1579.7,6.0,4.0,4.81746212121213
2018-03-19,01:00-08:30,1590.7,1583.1,7.600000000000136,4.0,4.81746212121213
2018-03-20,01:00-08:30,1581.3,1573.5,7.7999999999999545,4.0,4.81746212121213
2018-03-21,01:00-08:30,1578.3,1574.3,4.0,4.0,4.81746212121213
2018-03-22,01:00-08:30,1589.8,1583.3,6.5,4.0,4.81746212121213
2018-03-23,01:00-08:30,1542.7,1529.7,13.0,4.0,4.81746212121213
2018-03-26,01:00-08:30,1532.6,1519.2,13.399999999999864,4.0,4.81746212121213
2018-03-27,01:00-08:30,1553.6,1544.9,8.699999999999818,4.0,4.81746212121213
2018-03-28,01:00-08:30,1520.8,1509.4,11.399999999999864,4.0,4.81746212121213
2018-03-29,01:00-08:30,1522.2,1514.5,7.7000000000000455,4.0,4.81746212121213
2018-04-02,01:00-08:30,1529.1,1522.0,7.099999999999909,4.0,4.81746212121213
2018-04-03,01:00-08:30,1500.4,1492.8,7.600000000000136,4.0,4.81746212121213
2018-04-04,01:00-08:30,1513.9,1507.8,6.100000000000136,4.0,4.81746212121213
2018-04-05,01:00-08:30,1542.0,1532.5,9.5,4.0,4.81746212121213
2018-04-06,01:00-08:30,1536.4,1526.0,10.400000000000091,4.0,4.81746212121213
2018-04-09,01:00-08:30,1529.0,1519.7,9.299999999999955,4.0,4.81746212121213
2018-04-10,01:00-08:30,1539.8,1514.2,25.59999999999991,4.0,4.81746212121213
2018-04-11,01:00-08:30,1545.3,1537.9,7.399999999999864,4.0,4.81746212121213
2018-04-12,01:00-08:30,1555.8,1550.7,5.099999999999909,4.0,4.81746212121213
2018-04-13,01:00-08:30,1557.6,1552.4,5.199999999999818,4.0,4.81746212121213
2018-04-16,01:00-08:30,1562.1,1554.6,7.5,4.0,4.81746212121213
2018-04-17,01:00-08:30,1573.3,1565.7,7.599999999999909,4.0,4.81746212121213
2018-04-18,01:00-08:30,1588.4,1584.3,4.100000000000136,4.0,4.81746212121213
2018-04-19,01:00-08:30,1590.9,1586.4,4.5,4.0,4.81746212121213
2018-04-20,01:00-08:30,1577.7,1573.1,4.600000000000136,4.0,4.81746212121213
2018-04-23,01:00-08:30,1571.7,1567.7,4.0,4.0,4.81746212121213
2018-04-24,01:00-08:30,1569.3,1564.3,5.0,4.0,4.81746212121213
2018-04-25,01:00-08:30,1559.9,1553.0,6.900000000000091,4.0,4.81746212121213
2018-04-26,01:00-08:30,1559.8,1551.6,8.200000000000045,4.0,4.81746212121213
2018-04-27,01:00-08:30,1561.8,1555.8,6.0,4.0,4.81746212121213
2018-04-30,01:00-08:30,1562.9,1557.4,5.5,4.0,4.81746212121213
2018-05-01,01:00-08:30,1546.2,1540.5,5.7000000000000455,4.0,4.81746212121213
2018-05-02,01:00-08:30,1554.1,1547.1,7.0,4.0,4.81746212121213
2018-05-03,01:00-08:30,1555.1,1551.5,3.599999999999909,4.0,4.81746212121213
2018-05-04,01:00-08:30,1552.3,1546.2,6.099999999999909,4.0,4.81746212121213
2018-05-07,01:00-08:30,1573.6,1567.4,6.199999999999818,4.0,4.81746212121213
2018-05-08,01:00-08:30,1582.6,1579.1,3.5,4.0,4.81746212121213
2018-05-09,01:00-08:30,1590.9,1587.7,3.2000000000000455,4.0,4.81746212121213
2018-05-10,01:00-08:30,1601.6,1596.4,5.199999999999818,4.0,4.81746212121213
2018-05-11,01:00-08:30,1608.1,1604.5,3.599999999999909,4.0,4.81746212121213
2018-05-14,01:00-08:30,1614.6,1611.1,3.5,4.0,4.81746212121213
2018-05-15,01:00-08:30,1604.5,1598.2,6.2999999999999545,4.0,4.81746212121213
2018-05-16,01:00-08:30,1603.6,1598.9,4.699999999999818,4.0,4.81746212121213
2018-05-17,01:00-08:30,1621.2,1617.8,3.400000000000091,4.0,4.81746212121213
2018-05-18,01:00-08:30,1630.9,1626.5,4.400000000000091,4.0,4.81746212121213
2018-05-21,01:00-08:30,1635.7,1632.7,3.0,4.0,4.81746212121213
2018-05-22,01:00-08:30,1641.6,1639.2,2.3999999999998636,4.0,4.81746212121213
2018-05-23,01:00-08:30,1626.8,1621.4,5.399999999999864,4.0,4.81746212121213
2018-05-24,01:00-08:30,1630.0,1624.5,5.5,4.0,4.81746212121213
2018-05-25,01:00-08:30,1636.3,1630.3,6.0,4.0,4.81746212121213
2018-05-28,01:00-08:30,1631.8,1628.5,3.2999999999999545,4.0,4.81746212121213
2018-05-29,01:00-08:30,1625.5,1619.7,5.7999999999999545,4.0,4.81746212121213
2018-05-30,01:00-08:30,1628.1,1621.1,7.0,4.0,4.81746212121213
2018-05-31,01:00-08:30,1650.9,1646.6,4.300000000000182,4.0,4.81746212121213
2018-06-01,01:00-08:30,1640.9,1637.3,3.6000000000001364,4.0,4.81746212121213
2018-06-04,01:00-08:30,1653.7,1647.4,6.2999999999999545,4.0,4.81746212121213
2018-06-05,01:00-08:30,1655.7,1652.6,3.1000000000001364,4.0,4.81746212121213
2018-06-06,01:00-08:30,1668.6,1664.3,4.2999999999999545,4.0,4.81746212121213
2018-06-07,01:00-08:30,1684.5,1681.2,3.2999999999999545,4.0,4.81746212121213
2018-06-08,01:00-08:30,1676.3,1669.8,6.5,4.0,4.81746212121213
2018-06-11,01:00-08:30,1676.4,1671.9,4.5,4.0,4.81746212121213
2018-06-12,01:00-08:30,1682.1,1678.2,3.8999999999998636,4.0,4.81746212121213
2018-06-13,01:00-08:30,1690.4,1688.2,2.2000000000000455,4.0,4.81746212121213
2018-06-14,01:00-08:30,1682.7,1677.6,5.100000000000136,4.0,4.81746212121213
2018-06-15,01:00-08:30,1690.9,1688.0,2.900000000000091,4.0,4.81746212121213
2018-06-18,01:00-08:30,1690.1,1679.0,11.099999999999909,4.0,4.81746212121213
2018-06-19,01:00-08:30,1698.5,1683.5,15.0,4.0,4.81746212121213
2018-06-20,01:00-08:30,1706.2,1694.9,11.299999999999955,4.0,4.81746212121213
2018-06-21,01:00-08:30,1720.8,1713.0,7.7999999999999545,4.0,4.81746212121213
2018-06-22,01:00-08:30,1698.7,1694.5,4.2000000000000455,4.0,4.81746212121213
2018-06-25,01:00-08:30,1689.8,1681.3,8.5,4.0,4.81746212121213
2018-06-26,01:00-08:30,1667.4,1662.0,5.400000000000091,4.0,4.81746212121213
2018-06-27,01:00-08:30,1675.8,1670.3,5.5,4.0,4.81746212121213
2018-06-28,01:00-08:30,1648.5,1644.6,3.900000000000091,4.0,4.81746212121213
2018-06-29,01:00-08:30,1656.3,1648.7,7.599999999999909,4.0,4.81746212121213
2018-07-02,01:00-08:30,1649.1,1637.4,11.699999999999818,4.0,4.81746212121213
2018-07-03,01:00-08:30,1662.7,1655.6,7.100000000000136,4.0,4.81746212121213
2018-07-04,01:00-08:30,1671.0,1665.8,5.2000000000000455,4.0,4.81746212121213
2018-07-05,01:00-08:30,1671.8,1666.4,5.399999999999864,4.0,4.81746212121213
2018-07-06,01:00-08:30,1688.8,1680.5,8.299999999999955,4.0,4.81746212121213
2018-07-09,01:00-08:30,1708.1,1701.4,6.699999999999818,4.0,4.81746212121213
2018-07-10,01:00-08:30,1714.5,1710.2,4.2999999999999545,4.0,4.81746212121213
2018-07-11,01:00-08:30,1691.2,1683.6,7.600000000000136,4.0,4.81746212121213
2018-07-12,01:00-08:30,1693.3,1686.9,6.399999999999864,4.0,4.81746212121213
2018-07-13,01:00-08:30,1697.5,1692.3,5.2000000000000455,4.0,4.81746212121213
2018-07-16,01:00-08:30,1694.7,1690.9,3.7999999999999545,4.0,4.81746212121213
2018-07-17,01:00-08:30,1686.1,1681.3,4.7999999999999545,4.0,4.81746212121213
2018-07-18,01:00-08:30,1692.6,1689.7,2.8999999999998636,4.0,4.81746212121213
2018-07-19,01:00-08:30,1696.9,1693.3,3.6000000000001364,4.0,4.81746212121213
2018-07-20,01:00-08:30,1707.5,1697.8,9.700000000000045,4.0,4.81746212121213
2018-07-23,01:00-08:30,1699.9,1693.1,6.800000000000182,4.0,4.81746212121213
2018-07-24,01:00-08:30,1707.1,1702.8,4.2999999999999545,4.0,4.81746212121213
2018-07-25,01:00-08:30,1681.8,1678.8,3.0,4.0,4.81746212121213
2018-07-26,01:00-08:30,1690.5,1688.0,2.5,4.0,4.81746212121213
2018-07-27,01:00-08:30,1703.3,1698.6,4.7000000000000455,4.0,4.81746212121213
2018-07-30,01:00-08:30,1661.5,1655.5,6.0,4.0,4.81746212121213
2018-07-31,01:00-08:30,1656.4,1653.6,2.800000000000182,4.0,4.81746212121213
2018-08-01,01:00-08:30,1675.0,1670.1,4.900000000000091,4.0,4.81746212121213
2018-08-02,01:00-08:30,1671.4,1665.4,6.0,4.0,4.81746212121213
2018-08-03,01:00-08:30,1685.5,1683.0,2.5,4.0,4.81746212121213
2018-08-06,01:00-08:30,1679.1,1675.6,3.5,4.0,4.81746212121213
2018-08-07,01:00-08:30,1689.5,1686.0,3.5,4.0,4.81746212121213
2018-08-08,01:00-08:30,1691.9,1689.3,2.6000000000001364,4.0,4.81746212121213
2018-08-09,01:00-08:30,1688.7,1685.3,3.400000000000091,4.0,4.81746212121213
2018-08-10,01:00-08:30,1691.9,1684.4,7.5,4.0,4.81746212121213
2018-08-13,01:00-08:30,1684.6,1677.0,7.599999999999909,4.0,4.81746212121213
2018-08-14,01:00-08:30,1684.5,1678.8,5.7000000000000455,4.0,4.81746212121213
2018-08-15,01:00-08:30,1697.4,1692.8,4.600000000000136,4.0,4.81746212121213
2018-08-16,01:00-08:30,1681.2,1671.0,10.200000000000045,4.0,4.81746212121213
2018-08-17,01:00-08:30,1691.5,1686.8,4.7000000000000455,4.0,4.81746212121213
2018-08-20,01:00-08:30,1698.3,1695.2,3.099999999999909,4.0,4.81746212121213
2018-08-21,01:00-08:30,1699.2,1695.9,3.2999999999999545,4.0,4.81746212121213
2018-08-22,01:00-08:30,1714.7,1708.4,6.2999999999999545,4.0,4.81746212121213
2018-08-23,01:00-08:30,1724.6,1721.4,3.199999999999818,4.0,4.81746212121213
2018-08-24,01:00-08:30,1722.1,1718.0,4.099999999999909,4.0,4.81746212121213
2018-08-27,01:00-08:30,1731.0,1728.9,2.099999999999909,4.0,4.81746212121213
2018-08-28,01:00-08:30,1733.9,1729.9,4.0,4.0,4.81746212121213
2018-08-29,01:00-08:30,1732.7,1730.7,2.0,4.0,4.81746212121213
2018-08-30,01:00-08:30,1737.5,1733.2,4.2999999999999545,4.0,4.81746212121213
2018-08-31,01:00-08:30,1736.4,1731.9,4.5,4.0,4.81746212121213
2018-09-03,01:00-08:30,1743.3,1739.9,3.3999999999998636,4.0,4.81746212121213
2018-09-04,01:00-08:30,1745.3,1740.2,5.099999999999909,4.0,4.81746212121213
2018-09-05,01:00-08:30,1736.4,1730.6,5.800000000000182,4.0,4.81746212121213
2018-09-06,01:00-08:30,1730.4,1725.8,4.600000000000136,4.0,4.81746212121213
2018-09-07,01:00-08:30,1715.8,1710.5,5.2999999999999545,4.0,4.81746212121213
2018-09-10,01:00-08:30,1719.7,1715.3,4.400000000000091,4.0,4.81746212121213
2018-09-11,01:00-08:30,1722.7,1719.6,3.1000000000001364,4.0,4.81746212121213
2018-09-12,01:00-08:30,1722.2,1717.9,4.2999999999999545,4.0,4.81746212121213
2018-09-14,01:00-08:30,1722.3,1718.8,3.5,4.0,4.81746212121213
2018-09-17,01:00-08:30,1725.9,1723.4,2.5,4.0,4.81746212121213
2018-09-18,01:00-08:30,1711.8,1703.1,8.700000000000045,4.0,4.81746212121213
2018-09-19,01:00-08:30,1719.8,1716.3,3.5,4.0,4.81746212121213
2018-09-20,01:00-08:30,1712.0,1709.2,2.7999999999999545,4.0,4.81746212121213
2018-09-21,01:00-08:30,1729.2,1727.2,2.0,4.0,4.81746212121213
2018-09-24,01:00-08:30,1713.6,1711.0,2.599999999999909,4.0,4.81746212121213
2018-09-25,01:00-08:30,1710.4,1708.4,2.0,4.0,4.81746212121213
2018-09-26,01:00-08:30,1719.4,1715.2,4.2000000000000455,4.0,4.81746212121213
2018-09-27,01:00-08:30,1698.5,1694.7,3.7999999999999545,4.0,4.81746212121213
2018-09-28,01:00-08:30,1699.4,1696.5,2.900000000000091,4.0,4.81746212121213
2018-10-01,01:00-08:30,1711.8,1707.1,4.7000000000000455,4.0,4.81746212121213
2018-10-02,01:00-08:30,1680.1,1675.3,4.7999999999999545,4.0,4.81746212121213
2018-10-03,01:00-08:30,1665.0,1659.1,5.900000000000091,4.0,4.81746212121213
2018-10-04,01:00-08:30,1674.5,1664.9,9.599999999999909,4.0,4.81746212121213
2018-10-05,01:00-08:30,1657.6,1652.5,5.099999999999909,4.0,4.81746212121213
2018-10-08,01:00-08:30,1641.8,1635.6,6.2000000000000455,4.0,4.81746212121213
2018-10-09,01:00-08:30,1634.8,1630.6,4.2000000000000455,4.0,4.81746212121213
2018-10-10,01:00-08:30,1629.5,1623.7,5.7999999999999545,4.0,4.81746212121213
2018-10-11,01:00-08:30,1572.2,1551.9,20.299999999999955,4.0,4.81746212121213
2018-10-12,01:00-08:30,1574.0,1560.0,14.0,4.0,4.81746212121213
2018-10-15,01:00-08:30,1550.7,1540.4,10.299999999999955,4.0,4.81746212121213
2018-10-16,01:00-08:30,1558.5,1551.3,7.2000000000000455,4.0,4.81746212121213
2018-10-17,01:00-08:30,1600.7,1597.0,3.7000000000000455,4.0,4.81746212121213
2018-10-18,01:00-08:30,1591.3,1586.2,5.099999999999909,4.0,4.81746212121213
2018-10-19,01:00-08:30,1570.8,1561.7,9.099999999999909,4.0,4.81746212121213
2018-10-22,01:00-08:30,1550.7,1532.8,17.90000000000009,4.0,4.81746212121213
2018-10-23,01:00-08:30,1542.7,1526.3,16.40000000000009,4.0,4.81746212121213
2018-10-24,01:00-08:30,1534.4,1525.5,8.900000000000091,4.0,4.81746212121213
2018-10-25,01:00-08:30,1480.3,1469.4,10.899999999999864,4.0,4.81746212121213
2018-10-26,01:00-08:30,1490.4,1476.1,14.300000000000182,4.0,4.81746212121213
2018-10-29,01:00-08:30,1497.4,1484.7,12.700000000000045,4.0,4.81746212121213
2018-10-30,01:00-08:30,1492.4,1477.4,15.0,4.0,4.81746212121213
2018-10-31,01:00-08:30,1516.7,1508.5,8.200000000000045,4.0,4.81746212121213
2018-11-01,01:00-08:30,1522.1,1512.8,9.299999999999955,4.0,4.81746212121213
2018-11-02,01:00-08:30,1557.5,1538.4,19.09999999999991,4.0,4.81746212121213
2018-11-05,01:00-08:30,1546.8,1542.1,4.7000000000000455,4.0,4.81746212121213
2018-11-06,01:00-08:30,1553.9,1548.3,5.600000000000136,4.0,4.81746212121213
2018-11-07,01:00-08:30,1572.0,1550.4,21.59999999999991,4.0,4.81746212121213
2018-11-08,01:00-08:30,1585.1,1579.8,5.2999999999999545,4.0,4.81746212121213
2018-11-09,01:00-08:30,1582.9,1576.2,6.7000000000000455,4.0,4.81746212121213
2018-11-12,01:00-08:30,1561.9,1550.5,11.400000000000091,4.0,4.81746212121213
2018-11-13,01:00-08:30,1530.2,1515.1,15.100000000000136,4.0,4.81746212121213
2018-11-14,01:00-08:30,1525.9,1513.0,12.900000000000091,4.0,4.81746212121213
2018-11-15,01:00-08:30,1506.2,1493.6,12.600000000000136,4.0,4.81746212121213
2018-11-16,01:00-08:30,1525.3,1519.5,5.7999999999999545,4.0,4.81746212121213
2018-11-19,01:00-08:30,1528.1,1524.3,3.7999999999999545,4.0,4.81746212121213
2018-11-20,01:00-08:30,1500.4,1493.3,7.100000000000136,4.0,4.81746212121213
2018-11-21,01:00-08:30,1475.0,1464.8,10.200000000000045,4.0,4.81746212121213
2018-11-22,01:00-08:30,1492.7,1485.7,7.0,4.0,4.81746212121213
2018-11-23,01:00-08:30,1485.4,1478.6,6.800000000000182,4.0,4.81746212121213
2018-11-26,01:00-08:30,1497.0,1488.8,8.200000000000045,4.0,4.81746212121213
2018-11-27,01:00-08:30,1502.8,1495.2,7.599999999999909,4.0,4.81746212121213
2018-11-28,01:00-08:30,1498.8,1491.8,7.0,4.0,4.81746212121213
2018-11-29,01:00-08:30,1527.6,1522.1,5.5,4.0,4.81746212121213
2018-11-30,01:00-08:30,1527.5,1523.2,4.2999999999999545,4.0,4.81746212121213
2018-12-03,01:00-08:30,1561.8,1554.9,6.899999999999864,4.0,4.81746212121213
2018-12-04,01:00-08:30,1545.1,1533.6,11.5,4.0,4.81746212121213
2018-12-05,01:00-08:30,1490.5,1485.0,5.5,4.0,4.81746212121213
2018-12-06,01:00-08:30,1477.1,1461.1,16.0,4.0,4.81746212121213
2018-12-07,01:00-08:30,1480.5,1470.7,9.799999999999955,4.0,4.81746212121213
2018-12-10,01:00-08:30,1445.3,1435.7,9.599999999999909,4.0,4.81746212121213
2018-12-11,01:00-08:30,1446.6,1438.6,8.0,4.0,4.81746212121213
2018-12-12,01:00-08:30,1455.1,1439.3,15.799999999999955,4.0,4.81746212121213
2018-12-13,01:00-08:30,1466.8,1459.6,7.2000000000000455,4.0,4.81746212121213
2018-12-14,01:00-08:30,1439.4,1425.2,14.200000000000045,4.0,4.81746212121213
2018-12-17,01:00-08:30,1423.4,1418.0,5.400000000000091,4.0,4.81746212121213
2018-12-18,01:00-08:30,1398.4,1388.3,10.100000000000136,4.0,4.81746212121213
2018-12-19,01:00-08:30,1385.9,1375.7,10.200000000000045,4.0,4.81746212121213
2018-12-20,01:00-08:30,1354.8,1336.2,18.59999999999991,4.0,4.81746212121213
2018-12-21,01:00-08:30,1339.4,1332.4,7.0,4.0,4.81746212121213
2018-12-24,01:00-08:30,1305.0,1292.3,12.700000000000045,4.0,4.81746212121213
2018-12-26,01:00-08:30,1270.5,1254.3,16.200000000000045,4.0,4.81746212121213
2018-12-27,01:00-08:30,1336.2,1322.6,13.600000000000136,4.0,4.81746212121213
2018-12-28,01:00-08:30,1341.6,1328.3,13.299999999999955,4.0,4.81746212121213
2018-12-31,01:00-08:30,1353.5,1347.4,6.099999999999909,4.0,4.81746212121213
2019-01-02,01:00-08:30,1357.5,1334.6,22.90000000000009,5.0,6.143432203389831
2019-01-03,01:00-08:30,1346.7,1333.7,13.0,5.0,6.143432203389831
2019-01-04,01:00-08:30,1344.7,1325.3,19.40000000000009,5.0,6.143432203389831
2019-01-07,01:00-08:30,1394.2,1382.2,12.0,5.0,6.143432203389831
2019-01-08,01:00-08:30,1412.7,1405.9,6.7999999999999545,5.0,6.143432203389831
2019-01-09,01:00-08:30,1433.5,1427.4,6.099999999999909,5.0,6.143432203389831
2019-01-10,01:00-08:30,1436.4,1426.5,9.900000000000091,5.0,6.143432203389831
2019-01-11,01:00-08:30,1447.9,1442.5,5.400000000000091,5.0,6.143432203389831
2019-01-14,01:00-08:30,1443.3,1434.7,8.599999999999909,5.0,6.143432203389831
2019-01-15,01:00-08:30,1446.1,1435.8,10.299999999999955,5.0,6.143432203389831
2019-01-16,01:00-08:30,1448.5,1440.9,7.599999999999909,5.0,6.143432203389831
2019-01-17,01:00-08:30,1454.0,1447.5,6.5,5.0,6.143432203389831
2019-01-18,01:00-08:30,1473.8,1466.9,6.899999999999864,5.0,6.143432203389831
2019-01-21,01:00-08:30,1481.4,1476.8,4.600000000000136,5.0,6.143432203389831
2019-01-22,01:00-08:30,1479.4,1469.9,9.5,5.0,6.143432203389831
2019-01-23,01:00-08:30,1466.1,1458.7,7.399999999999864,5.0,6.143432203389831
2019-01-24,01:00-08:30,1458.8,1450.3,8.5,5.0,6.143432203389831
2019-01-25,01:00-08:30,1471.8,1462.4,9.399999999999864,5.0,6.143432203389831
2019-01-28,01:00-08:30,1481.4,1475.7,5.7000000000000455,5.0,6.143432203389831
2019-01-29,01:00-08:30,1474.3,1467.2,7.099999999999909,5.0,6.143432203389831
2019-01-30,01:00-08:30,1474.8,1470.0,4.7999999999999545,5.0,6.143432203389831
2019-01-31,01:00-08:30,1493.5,1487.3,6.2000000000000455,5.0,6.143432203389831
2019-02-01,01:00-08:30,1505.4,1499.0,6.400000000000091,5.0,6.143432203389831
2019-02-04,01:00-08:30,1505.9,1501.9,4.0,5.0,6.143432203389831
2019-02-05,01:00-08:30,1518.9,1515.8,3.1000000000001364,5.0,6.143432203389831
2019-02-06,01:00-08:30,1520.2,1516.7,3.5,5.0,6.143432203389831
2019-02-07,01:00-08:30,1518.2,1513.4,4.7999999999999545,5.0,6.143432203389831
2019-02-08,01:00-08:30,1503.2,1496.9,6.2999999999999545,5.0,6.143432203389831
2019-02-11,01:00-08:30,1508.8,1504.8,4.0,5.0,6.143432203389831
2019-02-12,01:00-08:30,1527.8,1519.7,8.099999999999909,5.0,6.143432203389831
2019-02-13,01:00-08:30,1545.5,1539.7,5.7999999999999545,5.0,6.143432203389831
2019-02-14,01:00-08:30,1546.9,1539.4,7.5,5.0,6.143432203389831
2019-02-15,01:00-08:30,1544.3,1537.6,6.7000000000000455,5.0,6.143432203389831
2019-02-18,01:00-08:30,1571.2,1568.1,3.1000000000001364,5.0,6.143432203389831
2019-02-19,01:00-08:30,1570.8,1567.6,3.2000000000000455,5.0,6.143432203389831
2019-02-20,01:00-08:30,1577.4,1572.4,5.0,5.0,6.143432203389831
2019-02-21,01:00-08:30,1590.9,1580.7,10.200000000000045,5.0,6.143432203389831
2019-02-22,01:00-08:30,1579.1,1575.1,4.0,5.0,6.143432203389831
2019-02-25,01:00-08:30,1595.7,1591.1,4.600000000000136,5.0,6.143432203389831
2019-02-26,01:00-08:30,1589.4,1583.0,6.400000000000091,5.0,6.143432203389831
2019-02-27,01:00-08:30,1577.4,1572.1,5.300000000000182,5.0,6.143432203389831
2019-02-28,01:00-08:30,1581.8,1575.0,6.7999999999999545,5.0,6.143432203389831
2019-03-01,01:00-08:30,1583.8,1576.0,7.7999999999999545,5.0,6.143432203389831
2019-03-04,01:00-08:30,1596.5,1593.8,2.7000000000000455,5.0,6.143432203389831
2019-03-05,01:00-08:30,1576.7,1570.9,5.7999999999999545,5.0,6.143432203389831
2019-03-06,01:00-08:30,1567.4,1563.3,4.100000000000136,5.0,6.143432203389831
2019-03-07,01:00-08:30,1541.4,1538.2,3.2000000000000455,5.0,6.143432203389831
2019-03-08,01:00-08:30,1531.1,1523.6,7.5,5.0,6.143432203389831
2019-03-11,01:00-08:30,1531.7,1524.4,7.2999999999999545,5.0,6.143432203389831
2019-03-12,01:00-08:30,1559.5,1556.6,2.900000000000091,5.0,6.143432203389831
2019-03-13,01:00-08:30,1554.2,1548.1,6.100000000000136,5.0,6.143432203389831
2019-03-14,01:00-08:30,1564.8,1560.0,4.7999999999999545,5.0,6.143432203389831
2019-03-15,01:00-08:30,1558.1,1553.1,5.0,5.0,6.143432203389831
2019-03-18,01:00-08:30,1560.9,1555.8,5.100000000000136,5.0,6.143432203389831
2019-03-19,01:00-08:30,1572.2,1568.5,3.7000000000000455,5.0,6.143432203389831
2019-03-20,01:00-08:30,1558.5,1552.8,5.7000000000000455,5.0,6.143432203389831
2019-03-21,01:00-08:30,1552.8,1545.8,7.0,5.0,6.143432203389831
2019-03-22,01:00-08:30,1569.9,1563.1,6.800000000000182,5.0,6.143432203389831
2019-03-25,01:00-08:30,1512.8,1499.4,13.399999999999864,5.0,6.143432203389831
2019-03-26,01:00-08:30,1525.9,1518.7,7.2000000000000455,5.0,6.143432203389831
2019-03-27,01:00-08:30,1536.5,1528.4,8.099999999999909,5.0,6.143432203389831
2019-03-28,01:00-08:30,1524.9,1517.6,7.300000000000182,5.0,6.143432203389831
2019-03-29,01:00-08:30,1546.0,1540.5,5.5,5.0,6.143432203389831
2019-04-01,01:00-08:30,1555.9,1550.4,5.5,5.0,6.143432203389831
2019-04-02,01:00-08:30,1561.2,1556.8,4.400000000000091,5.0,6.143432203389831
2019-04-03,01:00-08:30,1562.6,1552.7,9.899999999999864,5.0,6.143432203389831
2019-04-04,01:00-08:30,1568.3,1563.8,4.5,5.0,6.143432203389831
2019-04-05,01:00-08:30,1575.0,1570.0,5.0,5.0,6.143432203389831
2019-04-08,01:00-08:30,1588.3,1580.6,7.7000000000000455,5.0,6.143432203389831
2019-04-09,01:00-08:30,1585.0,1580.2,4.7999999999999545,5.0,6.143432203389831
2019-04-10,01:00-08:30,1567.2,1562.1,5.100000000000136,5.0,6.143432203389831
2019-04-11,01:00-08:30,1589.4,1583.8,5.600000000000136,5.0,6.143432203389831
2019-04-12,01:00-08:30,1583.9,1581.0,2.900000000000091,5.0,6.143432203389831
2019-04-15,01:00-08:30,1590.5,1587.2,3.2999999999999545,5.0,6.143432203389831
2019-04-16,01:00-08:30,1588.0,1583.8,4.2000000000000455,5.0,6.143432203389831
2019-04-17,01:00-08:30,1590.6,1585.1,5.5,5.0,6.143432203389831
2019-04-18,01:00-08:30,1572.6,1563.9,8.699999999999818,5.0,6.143432203389831
2019-04-22,01:00-08:30,1571.4,1563.2,8.200000000000045,5.0,6.143432203389831
2019-04-23,01:00-08:30,1565.3,1561.0,4.2999999999999545,5.0,6.143432203389831
2019-04-24,01:00-08:30,1590.7,1585.7,5.0,5.0,6.143432203389831
2019-04-25,01:00-08:30,1590.8,1588.1,2.7000000000000455,5.0,6.143432203389831
2019-04-26,01:00-08:30,1578.9,1572.5,6.400000000000091,5.0,6.143432203389831
2019-04-29,01:00-08:30,1597.7,1594.1,3.6000000000001364,5.0,6.143432203389831
2019-04-30,01:00-08:30,1602.6,1598.8,3.7999999999999545,5.0,6.143432203389831
2019-05-01,01:00-08:30,1600.3,1595.7,4.599999999999909,5.0,6.143432203389831
2019-05-02,01:00-08:30,1579.6,1574.5,5.099999999999909,5.0,6.143432203389831
2019-05-03,01:00-08:30,1590.4,1584.8,5.600000000000136,5.0,6.143432203389831
2019-05-06,01:00-08:30,1591.6,1577.6,14.0,5.0,6.143432203389831
2019-05-07,01:00-08:30,1615.4,1604.4,11.0,5.0,6.143432203389831
2019-05-08,01:00-08:30,1592.7,1584.8,7.900000000000091,5.0,6.143432203389831
2019-05-09,01:00-08:30,1579.8,1567.9,11.899999999999864,5.0,6.143432203389831
2019-05-10,01:00-08:30,1582.7,1561.8,20.90000000000009,5.0,6.143432203389831
2019-05-13,01:00-08:30,1565.5,1557.8,7.7000000000000455,5.0,6.143432203389831
2019-05-14,01:00-08:30,1531.7,1517.9,13.799999999999955,5.0,6.143432203389831
2019-05-15,01:00-08:30,1551.1,1542.4,8.699999999999818,5.0,6.143432203389831
2019-05-16,01:00-08:30,1549.7,1542.8,6.900000000000091,5.0,6.143432203389831
2019-05-17,01:00-08:30,1561.7,1552.8,8.900000000000091,5.0,6.143432203389831
2019-05-20,01:00-08:30,1547.4,1540.1,7.300000000000182,5.0,6.143432203389831
2019-05-21,01:00-08:30,1535.2,1528.6,6.600000000000136,5.0,6.143432203389831
2019-05-22,01:00-08:30,1548.0,1543.1,4.900000000000091,5.0,6.143432203389831
2019-05-23,01:00-08:30,1533.4,1524.5,8.900000000000091,5.0,6.143432203389831
2019-05-24,01:00-08:30,1508.5,1502.4,6.099999999999909,5.0,6.143432203389831
2019-05-27,01:00-08:30,1519.9,1514.8,5.100000000000136,5.0,6.143432203389831
2019-05-28,01:00-08:30,1522.1,1517.0,5.099999999999909,5.0,6.143432203389831
2019-05-29,01:00-08:30,1506.4,1496.5,9.900000000000091,5.0,6.143432203389831
2019-05-30,01:00-08:30,1494.4,1487.3,7.100000000000136,5.0,6.143432203389831
2019-05-31,01:00-08:30,1485.9,1470.6,15.300000000000182,5.0,6.143432203389831
2019-06-03,01:00-08:30,1461.8,1456.0,5.7999999999999545,5.0,6.143432203389831
2019-06-04,01:00-08:30,1476.6,1471.3,5.2999999999999545,5.0,6.143432203389831
2019-06-05,01:00-08:30,1512.6,1508.2,4.399999999999864,5.0,6.143432203389831
2019-06-06,01:00-08:30,1507.2,1499.7,7.5,5.0,6.143432203389831
2019-06-07,01:00-08:30,1507.5,1498.5,9.0,5.0,6.143432203389831
2019-06-10,01:00-08:30,1521.3,1515.8,5.5,5.0,6.143432203389831
2019-06-11,01:00-08:30,1528.3,1522.6,5.7000000000000455,5.0,6.143432203389831
2019-06-12,01:00-08:30,1520.0,1514.7,5.2999999999999545,5.0,6.143432203389831
2019-06-13,01:00-08:30,1529.4,1518.4,11.0,5.0,6.143432203389831
2019-06-14,01:00-08:30,1543.3,1536.6,6.7000000000000455,5.0,6.143432203389831
2019-06-17,01:00-08:30,1533.7,1529.1,4.600000000000136,5.0,6.143432203389831
2019-06-18,01:00-08:30,1539.8,1536.6,3.2000000000000455,5.0,6.143432203389831
2019-06-19,01:00-08:30,1557.0,1553.5,3.5,5.0,6.143432203389831
2019-06-20,01:00-08:30,1568.7,1561.4,7.2999999999999545,5.0,6.143432203389831
2019-06-21,01:00-08:30,1566.3,1559.7,6.599999999999909,5.0,6.143432203389831
2019-06-24,01:00-08:30,1558.3,1553.6,4.7000000000000455,5.0,6.143432203389831
2019-06-25,01:00-08:30,1540.5,1530.9,9.599999999999909,5.0,6.143432203389831
2019-06-26,01:00-08:30,1527.0,1521.8,5.2000000000000455,5.0,6.143432203389831
2019-06-27,01:00-08:30,1528.4,1519.8,8.600000000000136,5.0,6.143432203389831
2019-06-28,01:00-08:30,1554.7,1548.5,6.2000000000000455,5.0,6.143432203389831
2019-07-01,01:00-08:30,1587.2,1578.9,8.299999999999955,5.0,6.143432203389831
2019-07-02,01:00-08:30,1577.1,1571.4,5.699999999999818,5.0,6.143432203389831
2019-07-03,01:00-08:30,1566.4,1562.6,3.800000000000182,5.0,6.143432203389831
2019-07-04,01:00-08:30,1578.0,1576.2,1.7999999999999545,5.0,6.143432203389831
2019-07-05,01:00-08:30,1579.6,1577.2,2.3999999999998636,5.0,6.143432203389831
2019-07-08,01:00-08:30,1580.1,1572.7,7.399999999999864,5.0,6.143432203389831
2019-07-09,01:00-08:30,1563.9,1556.2,7.7000000000000455,5.0,6.143432203389831
2019-07-10,01:00-08:30,1568.2,1562.7,5.5,5.0,6.143432203389831
2019-07-11,01:00-08:30,1573.3,1567.2,6.099999999999909,5.0,6.143432203389831
2019-07-12,01:00-08:30,1564.8,1559.2,5.599999999999909,5.0,6.143432203389831
2019-07-15,01:00-08:30,1574.9,1568.9,6.0,5.0,6.143432203389831
2019-07-16,01:00-08:30,1566.8,1564.0,2.7999999999999545,5.0,6.143432203389831
2019-07-17,01:00-08:30,1566.8,1563.0,3.7999999999999545,5.0,6.143432203389831
2019-07-18,01:00-08:30,1551.5,1546.6,4.900000000000091,5.0,6.143432203389831
2019-07-19,01:00-08:30,1564.7,1558.2,6.5,5.0,6.143432203389831
2019-07-22,01:00-08:30,1552.3,1548.0,4.2999999999999545,5.0,6.143432203389831
2019-07-23,01:00-08:30,1551.5,1547.3,4.2000000000000455,5.0,6.143432203389831
2019-07-24,01:00-08:30,1558.5,1555.6,2.900000000000091,5.0,6.143432203389831
2019-07-25,01:00-08:30,1587.6,1583.8,3.7999999999999545,5.0,6.143432203389831
2019-07-26,01:00-08:30,1565.9,1563.1,2.800000000000182,5.0,6.143432203389831
2019-07-29,01:00-08:30,1581.5,1578.3,3.2000000000000455,5.0,6.143432203389831
2019-07-30,01:00-08:30,1575.0,1572.4,2.599999999999909,5.0,6.143432203389831
2019-07-31,01:00-08:30,1590.7,1586.2,4.5,5.0,6.143432203389831
2019-08-01,01:00-08:30,1581.3,1572.9,8.399999999999864,5.0,6.143432203389831
2019-08-02,01:00-08:30,1550.9,1543.7,7.2000000000000455,5.0,6.143432203389831
2019-08-05,01:00-08:30,1535.6,1513.7,21.899999999999864,5.0,6.143432203389831
2019-08-06,01:00-08:30,1493.9,1450.7,43.200000000000045,5.0,6.143432203389831
2019-08-07,01:00-08:30,1498.1,1487.6,10.5,5.0,6.143432203389831
2019-08-08,01:00-08:30,1508.6,1493.1,15.5,5.0,6.143432203389831
2019-08-09,01:00-08:30,1532.3,1523.8,8.5,5.0,6.143432203389831
2019-08-12,01:00-08:30,1519.5,1510.5,9.0,5.0,6.143432203389831
2019-08-13,01:00-08:30,1498.3,1490.1,8.200000000000045,5.0,6.143432203389831
2019-08-14,01:00-08:30,1516.0,1508.5,7.5,5.0,6.143432203389831
2019-08-15,01:00-08:30,1479.9,1466.3,13.600000000000136,5.0,6.143432203389831
2019-08-16,01:00-08:30,1476.3,1464.2,12.099999999999909,5.0,6.143432203389831
2019-08-19,01:00-08:30,1504.0,1497.6,6.400000000000091,5.0,6.143432203389831
2019-08-20,01:00-08:30,1512.5,1503.5,9.0,5.0,6.143432203389831
2019-08-21,01:00-08:30,1502.4,1496.3,6.100000000000136,5.0,6.143432203389831
2019-08-22,01:00-08:30,1517.6,1509.4,8.199999999999818,5.0,6.143432203389831
2019-08-23,01:00-08:30,1513.9,1504.8,9.100000000000136,5.0,6.143432203389831
2019-08-26,01:00-08:30,1459.6,1444.1,15.5,5.0,6.143432203389831
2019-08-27,01:00-08:30,1483.1,1475.0,8.099999999999909,5.0,6.143432203389831
2019-08-28,01:00-08:30,1461.8,1455.0,6.7999999999999545,5.0,6.143432203389831
2019-08-29,01:00-08:30,1471.4,1465.2,6.2000000000000455,5.0,6.143432203389831
2019-08-30,01:00-08:30,1501.6,1494.7,6.899999999999864,5.0,6.143432203389831
2019-09-02,01:00-08:30,1489.6,1482.5,7.099999999999909,5.0,6.143432203389831
2019-09-03,01:00-08:30,1486.1,1478.6,7.5,5.0,6.143432203389831
2019-09-04,01:00-08:30,1484.2,1468.2,16.0,5.0,6.143432203389831
2019-09-05,01:00-08:30,1504.3,1482.8,21.5,5.0,6.143432203389831
2019-09-06,01:00-08:30,1513.8,1509.8,4.0,5.0,6.143432203389831
2019-09-09,01:00-08:30,1509.9,1505.1,4.800000000000182,5.0,6.143432203389831
2019-09-10,01:00-08:30,1526.6,1520.1,6.5,5.0,6.143432203389831
2019-09-11,01:00-08:30,1550.2,1542.0,8.200000000000045,5.0,6.143432203389831
2019-09-12,01:00-08:30,1588.5,1579.4,9.099999999999909,5.0,6.143432203389831
2019-09-13,01:00-08:30,1585.2,1580.7,4.5,5.0,6.143432203389831
2019-09-16,01:00-08:30,1578.3,1568.9,9.399999999999864,5.0,6.143432203389831
2019-09-17,01:00-08:30,1590.9,1584.7,6.2000000000000455,5.0,6.143432203389831
2019-09-18,01:00-08:30,1584.1,1581.9,2.199999999999818,5.0,6.143432203389831
2019-09-19,01:00-08:30,1574.4,1566.8,7.600000000000136,5.0,6.143432203389831
2019-09-20,01:00-08:30,1566.8,1563.5,3.2999999999999545,5.0,6.143432203389831
2019-09-23,01:00-08:30,1570.8,1566.6,4.2000000000000455,5.0,6.143432203389831
2019-09-24,01:00-08:30,1570.4,1564.0,6.400000000000091,5.0,6.143432203389831
2019-09-25,01:00-08:30,1542.4,1535.6,6.800000000000182,5.0,6.143432203389831
2019-09-26,01:00-08:30,1553.5,1548.6,4.900000000000091,5.0,6.143432203389831
2019-09-27,01:00-08:30,1538.9,1532.5,6.400000000000091,5.0,6.143432203389831
2019-09-30,01:00-08:30,1532.6,1526.4,6.199999999999818,5.0,6.143432203389831
2019-10-01,01:00-08:30,1532.9,1527.3,5.600000000000136,5.0,6.143432203389831
2019-10-02,01:00-08:30,1499.8,1495.0,4.7999999999999545,5.0,6.143432203389831
2019-10-03,01:00-08:30,1483.7,1477.1,6.600000000000136,5.0,6.143432203389831
2019-10-04,01:00-08:30,1489.5,1482.5,7.0,5.0,6.143432203389831
2019-10-07,01:00-08:30,1495.7,1491.1,4.600000000000136,5.0,6.143432203389831
2019-10-08,01:00-08:30,1505.4,1497.9,7.5,5.0,6.143432203389831
2019-10-09,01:00-08:30,1480.2,1472.0,8.200000000000045,5.0,6.143432203389831
2019-10-10,01:00-08:30,1484.4,1463.8,20.600000000000136,5.0,6.143432203389831
2019-10-11,01:00-08:30,1496.1,1489.3,6.7999999999999545,5.0,6.143432203389831
2019-10-14,01:00-08:30,1519.9,1511.6,8.300000000000182,5.0,6.143432203389831
2019-10-15,01:00-08:30,1513.5,1507.4,6.099999999999909,5.0,6.143432203389831
2019-10-16,01:00-08:30,1525.8,1519.2,6.599999999999909,5.0,6.143432203389831
2019-10-17,01:00-08:30,1525.1,1521.1,4.0,5.0,6.143432203389831
2019-10-18,01:00-08:30,1543.7,1538.2,5.5,5.0,6.143432203389831
2019-10-21,01:00-08:30,1542.6,1536.8,5.7999999999999545,5.0,6.143432203389831
2019-10-22,01:00-08:30,1556.1,1551.0,5.099999999999909,5.0,6.143432203389831
2019-10-23,01:00-08:30,1551.8,1545.5,6.2999999999999545,5.0,6.143432203389831
2019-10-24,01:00-08:30,1557.3,1553.7,3.599999999999909,5.0,6.143432203389831
2019-10-25,01:00-08:30,1553.1,1548.7,4.399999999999864,5.0,6.143432203389831
2019-10-28,01:00-08:30,1561.4,1559.3,2.1000000000001364,5.0,6.143432203389831
2019-10-29,01:00-08:30,1576.2,1572.4,3.7999999999999545,5.0,6.143432203389831
2019-10-30,01:00-08:30,1578.4,1575.2,3.2000000000000455,5.0,6.143432203389831
2019-10-31,01:00-08:30,1575.9,1572.1,3.800000000000182,5.0,6.143432203389831
2019-11-01,01:00-08:30,1567.0,1561.6,5.400000000000091,5.0,6.143432203389831
2019-11-04,01:00-08:30,1594.8,1591.7,3.099999999999909,5.0,6.143432203389831
2019-11-05,01:00-08:30,1601.1,1597.6,3.5,5.0,6.143432203389831
2019-11-06,01:00-08:30,1599.3,1596.0,3.2999999999999545,5.0,6.143432203389831
2019-11-07,01:00-08:30,1600.5,1589.6,10.900000000000091,5.0,6.143432203389831
2019-11-08,01:00-08:30,1598.1,1590.0,8.099999999999909,5.0,6.143432203389831
2019-11-11,01:00-08:30,1599.1,1591.1,8.0,5.0,6.143432203389831
2019-11-12,01:00-08:30,1602.0,1594.0,8.0,5.0,6.143432203389831
2019-11-13,01:00-08:30,1594.2,1590.0,4.2000000000000455,5.0,6.143432203389831
2019-11-14,01:00-08:30,1595.9,1587.3,8.600000000000136,5.0,6.143432203389831
2019-11-15,01:00-08:30,1599.3,1589.7,9.599999999999909,5.0,6.143432203389831
2019-11-18,01:00-08:30,1601.2,1594.0,7.2000000000000455,5.0,6.143432203389831
2019-11-19,01:00-08:30,1594.6,1588.6,6.0,5.0,6.143432203389831
2019-11-20,01:00-08:30,1597.6,1591.7,5.899999999999864,5.0,6.143432203389831
2019-11-21,01:00-08:30,1594.5,1583.6,10.900000000000091,5.0,6.143432203389831
2019-11-22,01:00-08:30,1587.8,1582.2,5.599999999999909,5.0,6.143432203389831
2019-11-25,01:00-08:30,1597.5,1595.1,2.400000000000091,5.0,6.143432203389831
2019-11-26,01:00-08:30,1631.3,1622.7,8.599999999999909,5.0,6.143432203389831
2019-11-27,01:00-08:30,1628.7,1625.9,2.7999999999999545,5.0,6.143432203389831
2019-11-28,01:00-08:30,1631.1,1627.6,3.5,5.0,6.143432203389831
2019-11-29,01:00-08:30,1630.6,1626.3,4.2999999999999545,5.0,6.143432203389831
2019-12-02,01:00-08:30,1631.2,1626.7,4.5,5.0,6.143432203389831
2019-12-03,01:00-08:30,1614.6,1606.8,7.7999999999999545,5.0,6.143432203389831
2019-12-04,01:00-08:30,1606.8,1601.6,5.2000000000000455,5.0,6.143432203389831
2019-12-05,01:00-08:30,1617.1,1611.8,5.2999999999999545,5.0,6.143432203389831
2019-12-06,01:00-08:30,1622.3,1617.4,4.899999999999864,5.0,6.143432203389831
2019-12-09,01:00-08:30,1635.8,1631.7,4.099999999999909,5.0,6.143432203389831
2019-12-10,01:00-08:30,1632.3,1629.6,2.7000000000000455,5.0,6.143432203389831
2019-12-11,01:00-08:30,1634.0,1629.8,4.2000000000000455,5.0,6.143432203389831
2019-12-12,01:00-08:30,1639.4,1636.7,2.7000000000000455,5.0,6.143432203389831
2019-12-13,01:00-08:30,1658.8,1654.6,4.2000000000000455,5.0,6.143432203389831
2019-12-16,01:00-08:30,1649.5,1645.4,4.099999999999909,5.0,6.143432203389831
2019-12-17,01:00-08:30,1657.0,1653.4,3.599999999999909,5.0,6.143432203389831
2019-12-18,01:00-08:30,1661.2,1658.7,2.5,5.0,6.143432203389831
2019-12-19,01:00-08:30,1669.3,1665.5,3.7999999999999545,5.0,6.143432203389831
2019-12-20,01:00-08:30,1673.8,1671.4,2.3999999999998636,5.0,6.143432203389831
2019-12-23,01:00-08:30,1675.7,1674.0,1.7000000000000455,5.0,6.143432203389831
2019-12-24,01:00-08:30,1677.5,1675.9,1.599999999999909,5.0,6.143432203389831
2019-12-26,01:00-08:30,1683.1,1680.3,2.7999999999999545,5.0,6.143432203389831
2019-12-27,01:00-08:30,1684.9,1682.1,2.800000000000182,5.0,6.143432203389831
2019-12-30,01:00-08:30,1674.0,1671.0,3.0,5.0,6.143432203389831
2019-12-31,01:00-08:30,1671.2,1668.4,2.7999999999999545,5.0,6.143432203389831
2020-01-02,01:00-08:30,1677.5,1674.1,3.400000000000091,5.0,6.428235294117655
2020-01-03,01:00-08:30,1673.7,1651.7,22.0,5.0,6.428235294117655
2020-01-06,01:00-08:30,1658.3,1653.1,5.2000000000000455,5.0,6.428235294117655
2020-01-07,01:00-08:30,1668.8,1662.3,6.5,5.0,6.428235294117655
2020-01-08,01:00-08:30,1655.6,1627.3,28.299999999999955,5.0,6.428235294117655
2020-01-09,01:00-08:30,1673.5,1666.8,6.7000000000000455,5.0,6.428235294117655
2020-01-10,01:00-08:30,1672.0,1668.6,3.400000000000091,5.0,6.428235294117655
2020-01-13,01:00-08:30,1664.2,1659.1,5.100000000000136,5.0,6.428235294117655
2020-01-14,01:00-08:30,1674.8,1667.6,7.2000000000000455,5.0,6.428235294117655
2020-01-15,01:00-08:30,1676.8,1671.4,5.399999999999864,5.0,6.428235294117655
2020-01-16,01:00-08:30,1690.9,1687.5,3.400000000000091,5.0,6.428235294117655
2020-01-17,01:00-08:30,1709.4,1706.7,2.7000000000000455,5.0,6.428235294117655
2020-01-20,01:00-08:30,1702.7,1698.6,4.100000000000136,5.0,6.428235294117655
2020-01-21,01:00-08:30,1701.5,1691.4,10.099999999999909,5.0,6.428235294117655
2020-01-22,01:00-08:30,1695.9,1686.9,9.0,5.0,6.428235294117655
2020-01-23,01:00-08:30,1685.2,1679.8,5.400000000000091,5.0,6.428235294117655
2020-01-24,01:00-08:30,1688.9,1684.9,4.0,5.0,6.428235294117655
2020-01-27,01:00-08:30,1649.8,1643.5,6.2999999999999545,5.0,6.428235294117655
2020-01-28,01:00-08:30,1657.5,1646.7,10.799999999999955,5.0,6.428235294117655
2020-01-29,01:00-08:30,1664.2,1655.9,8.299999999999955,5.0,6.428235294117655
2020-01-30,01:00-08:30,1650.9,1632.7,18.200000000000045,5.0,6.428235294117655
2020-01-31,01:00-08:30,1652.8,1645.4,7.399999999999864,5.0,6.428235294117655
2020-02-03,01:00-08:30,1629.8,1617.4,12.399999999999864,5.0,6.428235294117655
2020-02-04,01:00-08:30,1645.5,1629.8,15.700000000000045,5.0,6.428235294117655
2020-02-05,01:00-08:30,1659.5,1654.3,5.2000000000000455,5.0,6.428235294117655
2020-02-06,01:00-08:30,1695.2,1682.4,12.799999999999955,5.0,6.428235294117655
2020-02-07,01:00-08:30,1682.0,1674.7,7.2999999999999545,5.0,6.428235294117655
2020-02-10,01:00-08:30,1661.9,1650.0,11.900000000000091,5.0,6.428235294117655
2020-02-11,01:00-08:30,1676.6,1667.6,9.0,5.0,6.428235294117655
2020-02-12,01:00-08:30,1683.9,1677.2,6.7000000000000455,5.0,6.428235294117655
2020-02-13,01:00-08:30,1687.0,1681.8,5.2000000000000455,5.0,6.428235294117655
2020-02-14,01:00-08:30,1703.1,1693.3,9.799999999999955,5.0,6.428235294117655
2020-02-17,01:00-08:30,1693.9,1687.5,6.400000000000091,5.0,6.428235294117655
2020-02-18,01:00-08:30,1684.8,1678.7,6.099999999999909,5.0,6.428235294117655
2020-02-19,01:00-08:30,1691.2,1684.8,6.400000000000091,5.0,6.428235294117655
2020-02-20,01:00-08:30,1698.5,1686.1,12.400000000000091,5.0,6.428235294117655
2020-02-21,01:00-08:30,1693.0,1684.3,8.700000000000045,5.0,6.428235294117655
2020-02-24,01:00-08:30,1657.7,1646.6,11.100000000000136,5.0,6.428235294117655
2020-02-25,01:00-08:30,1645.5,1632.6,12.900000000000091,5.0,6.428235294117655
2020-02-26,01:00-08:30,1588.7,1572.6,16.100000000000136,5.0,6.428235294117655
2020-02-27,01:00-08:30,1549.4,1523.5,25.90000000000009,5.0,6.428235294117655
2020-02-28,01:00-08:30,1500.0,1460.6,39.40000000000009,5.0,6.428235294117655
2020-03-02,01:00-08:30,1494.4,1453.3,41.100000000000136,5.0,6.428235294117655
2020-03-03,01:00-08:30,1518.9,1497.5,21.40000000000009,5.0,6.428235294117655
2020-03-04,01:00-08:30,1503.6,1476.9,26.699999999999818,5.0,6.428235294117655
2020-03-05,01:00-08:30,1520.8,1507.7,13.099999999999909,5.0,6.428235294117655
2020-03-06,01:00-08:30,1485.4,1456.0,29.40000000000009,5.0,6.428235294117655
2020-03-10,01:00-08:30,1387.4,1324.3,63.100000000000136,5.0,6.428235294117655
2020-03-11,01:00-08:30,1331.7,1299.0,32.700000000000045,5.0,6.428235294117655
2020-03-12,01:00-08:30,1268.5,1193.7,74.79999999999995,5.0,6.428235294117655
2020-03-13,01:00-08:30,1133.0,1056.6,76.40000000000009,5.0,6.428235294117655
2020-03-18,01:00-08:30,1063.2,1028.0,35.200000000000045,5.0,6.428235294117655
2020-03-19,01:00-08:30,1035.5,948.5,87.0,5.0,6.428235294117655
2020-03-20,01:00-08:30,1048.0,1001.6,46.39999999999998,5.0,6.428235294117655
2020-03-24,01:00-08:30,1052.1,1008.3,43.799999999999955,5.0,6.428235294117655
2020-03-25,01:00-08:30,1105.5,1064.4,41.09999999999991,5.0,6.428235294117655
2020-03-26,01:00-08:30,1109.8,1076.4,33.399999999999864,5.0,6.428235294117655
2020-03-27,01:00-08:30,1172.6,1137.6,35.0,5.0,6.428235294117655
2020-03-30,01:00-08:30,1150.0,1101.3,48.700000000000045,5.0,6.428235294117655
2020-03-31,01:00-08:30,1163.8,1143.3,20.5,5.0,6.428235294117655
2020-04-01,01:00-08:30,1128.1,1089.9,38.19999999999982,5.0,6.428235294117655
2020-04-02,01:00-08:30,1086.3,1068.4,17.899999999999864,5.0,6.428235294117655
2020-04-03,01:00-08:30,1080.8,1059.6,21.200000000000045,5.0,6.428235294117655
2020-04-06,01:00-08:30,1099.5,1060.1,39.40000000000009,5.0,6.428235294117655
2020-04-07,01:00-08:30,1140.7,1110.9,29.799999999999955,5.0,6.428235294117655
2020-04-08,01:00-08:30,1143.9,1117.3,26.600000000000136,5.0,6.428235294117655
2020-04-09,01:00-08:30,1190.8,1174.7,16.09999999999991,5.0,6.428235294117655
2020-04-13,01:00-08:30,1230.0,1216.1,13.900000000000091,5.0,6.428235294117655
2020-04-14,01:00-08:30,1245.5,1213.5,32.0,5.0,6.428235294117655
2020-04-15,01:00-08:30,1235.2,1219.5,15.700000000000045,5.0,6.428235294117655
2020-04-16,01:00-08:30,1189.5,1164.6,24.90000000000009,5.0,6.428235294117655
2020-04-17,01:00-08:30,1232.3,1225.2,7.099999999999909,5.0,6.428235294117655
2020-04-20,01:00-08:30,1227.0,1209.7,17.299999999999955,5.0,6.428235294117655
2020-04-21,01:00-08:30,1222.6,1186.5,36.09999999999991,5.0,6.428235294117655
2020-04-22,01:00-08:30,1195.1,1174.3,20.799999999999955,5.0,6.428235294117655
2020-04-23,01:00-08:30,1202.1,1185.4,16.699999999999818,5.0,6.428235294117655
2020-04-24,01:00-08:30,1201.2,1189.0,12.200000000000045,5.0,6.428235294117655
2020-04-27,01:00-08:30,1252.4,1219.8,32.600000000000136,5.0,6.428235294117655
2020-04-28,01:00-08:30,1281.3,1264.8,16.5,5.0,6.428235294117655
2020-04-29,01:00-08:30,1317.4,1295.1,22.300000000000182,5.0,6.428235294117655
2020-04-30,01:00-08:30,1370.6,1353.6,17.0,5.0,6.428235294117655
2020-05-01,01:00-08:30,1295.9,1279.5,16.40000000000009,5.0,6.428235294117655
2020-05-04,01:00-08:30,1246.1,1220.1,26.0,5.0,6.428235294117655
2020-05-05,01:00-08:30,1276.8,1258.1,18.700000000000045,5.0,6.428235294117655
2020-05-06,01:00-08:30,1284.6,1254.1,30.5,5.0,6.428235294117655
2020-05-07,01:00-08:30,1268.3,1247.1,21.200000000000045,5.0,6.428235294117655
2020-05-08,01:00-08:30,1310.8,1284.1,26.700000000000045,5.0,6.428235294117655
2020-05-11,01:00-08:30,1341.7,1326.0,15.700000000000045,5.0,6.428235294117655
2020-05-12,01:00-08:30,1317.4,1296.7,20.700000000000045,5.0,6.428235294117655
2020-05-13,01:00-08:30,1272.6,1247.3,25.299999999999955,5.0,6.428235294117655
2020-05-14,01:00-08:30,1239.1,1217.0,22.09999999999991,5.0,6.428235294117655
2020-05-15,01:00-08:30,1243.6,1225.0,18.59999999999991,5.0,6.428235294117655
2020-05-18,01:00-08:30,1280.0,1265.8,14.200000000000045,5.0,6.428235294117655
2020-05-19,01:00-08:30,1336.9,1319.4,17.5,5.0,6.428235294117655
2020-05-20,01:00-08:30,1326.4,1305.1,21.300000000000182,5.0,6.428235294117655
2020-05-21,01:00-08:30,1345.2,1327.3,17.90000000000009,5.0,6.428235294117655
2020-05-22,01:00-08:30,1356.5,1320.9,35.59999999999991,5.0,6.428235294117655
2020-05-25,01:00-08:30,1365.6,1355.4,10.199999999999818,5.0,6.428235294117655
2020-05-26,01:00-08:30,1395.4,1374.8,20.600000000000136,5.0,6.428235294117655
2020-05-27,01:00-08:30,1413.8,1388.0,25.799999999999955,5.0,6.428235294117655
2020-05-28,01:00-08:30,1453.1,1432.8,20.299999999999955,5.0,6.428235294117655
2020-05-29,01:00-08:30,1408.3,1387.0,21.299999999999955,5.0,6.428235294117655
2020-06-01,01:00-08:30,1403.4,1377.3,26.100000000000136,5.0,6.428235294117655
2020-06-02,01:00-08:30,1403.4,1388.7,14.700000000000045,5.0,6.428235294117655
2020-06-03,01:00-08:30,1433.6,1416.8,16.799999999999955,5.0,6.428235294117655
2020-06-04,01:00-08:30,1461.0,1439.1,21.90000000000009,5.0,6.428235294117655
2020-06-05,01:00-08:30,1478.0,1448.9,29.09999999999991,5.0,6.428235294117655
2020-06-08,01:00-08:30,1525.0,1504.0,21.0,5.0,6.428235294117655
2020-06-09,01:00-08:30,1540.4,1527.1,13.300000000000182,5.0,6.428235294117655
2020-06-10,01:00-08:30,1525.8,1507.7,18.09999999999991,5.0,6.428235294117655
2020-06-11,01:00-08:30,1451.5,1410.3,41.200000000000045,5.0,6.428235294117655
2020-06-12,01:00-08:30,1393.1,1356.6,36.5,5.0,6.428235294117655
2020-06-15,01:00-08:30,1359.5,1314.5,45.0,5.0,6.428235294117655
2020-06-16,01:00-08:30,1454.5,1418.0,36.5,5.0,6.428235294117655
2020-06-17,01:00-08:30,1456.6,1434.6,22.0,5.0,6.428235294117655
2020-06-18,01:00-08:30,1424.7,1399.8,24.90000000000009,5.0,6.428235294117655
2020-06-19,01:00-08:30,1433.8,1418.6,15.200000000000045,5.0,6.428235294117655
2020-06-22,01:00-08:30,1417.4,1393.0,24.40000000000009,5.0,6.428235294117655
2020-06-23,01:00-08:30,1441.5,1400.1,41.40000000000009,5.0,6.428235294117655
2020-06-24,01:00-08:30,1441.7,1429.1,12.600000000000136,5.0,6.428235294117655
2020-06-25,01:00-08:30,1399.7,1374.3,25.40000000000009,5.0,6.428235294117655
2020-06-26,01:00-08:30,1412.7,1399.2,13.5,5.0,6.428235294117655
2020-06-29,01:00-08:30,1385.0,1365.9,19.09999999999991,5.0,6.428235294117655
2020-06-30,01:00-08:30,1427.9,1407.7,20.200000000000045,5.0,6.428235294117655
2020-07-01,01:00-08:30,1435.7,1421.0,14.700000000000045,5.0,6.428235294117655
2020-07-02,01:00-08:30,1430.0,1417.8,12.200000000000045,5.0,6.428235294117655
2020-07-03,01:00-08:30,1438.2,1425.7,12.5,5.0,6.428235294117655
2020-07-06,01:00-08:30,1463.8,1433.2,30.59999999999991,5.0,6.428235294117655
2020-07-07,01:00-08:30,1450.0,1426.5,23.5,5.0,6.428235294117655
2020-07-08,01:00-08:30,1420.3,1401.4,18.899999999999864,5.0,6.428235294117655
2020-07-09,01:00-08:30,1426.6,1412.7,13.899999999999864,5.0,6.428235294117655
2020-07-10,01:00-08:30,1401.8,1377.6,24.200000000000045,5.0,6.428235294117655
2020-07-13,01:00-08:30,1438.3,1424.0,14.299999999999955,5.0,6.428235294117655
2020-07-14,01:00-08:30,1410.7,1396.9,13.799999999999955,5.0,6.428235294117655
2020-07-15,01:00-08:30,1447.4,1440.4,7.0,5.0,6.428235294117655
2020-07-16,01:00-08:30,1482.7,1468.4,14.299999999999955,5.0,6.428235294117655
2020-07-17,01:00-08:30,1470.3,1463.2,7.099999999999909,5.0,6.428235294117655
2020-07-20,01:00-08:30,1471.8,1456.2,15.599999999999909,5.0,6.428235294117655
2020-07-21,01:00-08:30,1476.6,1463.3,13.299999999999955,5.0,6.428235294117655
2020-07-22,01:00-08:30,1494.3,1482.2,12.099999999999909,5.0,6.428235294117655
2020-07-23,01:00-08:30,1494.9,1485.0,9.900000000000091,5.0,6.428235294117655
2020-07-24,01:00-08:30,1494.7,1479.4,15.299999999999955,5.0,6.428235294117655
2020-07-27,01:00-08:30,1475.3,1456.2,19.09999999999991,5.0,6.428235294117655
2020-07-28,01:00-08:30,1488.3,1479.3,9.0,5.0,6.428235294117655
2020-07-29,01:00-08:30,1472.9,1463.0,9.900000000000091,5.0,6.428235294117655
2020-07-30,01:00-08:30,1498.4,1492.8,5.600000000000136,5.0,6.428235294117655
2020-07-31,01:00-08:30,1496.4,1480.2,16.200000000000045,5.0,6.428235294117655
2020-08-03,01:00-08:30,1478.6,1469.1,9.5,5.0,6.428235294117655
2020-08-04,01:00-08:30,1510.6,1500.6,10.0,5.0,6.428235294117655
2020-08-05,01:00-08:30,1518.4,1509.3,9.100000000000136,5.0,6.428235294117655
2020-08-06,01:00-08:30,1551.6,1543.4,8.199999999999818,5.0,6.428235294117655
2020-08-07,01:00-08:30,1544.7,1531.3,13.400000000000091,5.0,6.428235294117655
2020-08-10,01:00-08:30,1576.3,1562.7,13.599999999999909,5.0,6.428235294117655
2020-08-11,01:00-08:30,1592.2,1581.1,11.100000000000136,5.0,6.428235294117655
2020-08-12,01:00-08:30,1590.7,1575.7,15.0,5.0,6.428235294117655
2020-08-13,01:00-08:30,1582.5,1572.6,9.900000000000091,5.0,6.428235294117655
2020-08-14,01:00-08:30,1587.5,1579.5,8.0,5.0,6.428235294117655
2020-08-17,01:00-08:30,1581.9,1576.7,5.2000000000000455,5.0,6.428235294117655
2020-08-18,01:00-08:30,1589.6,1582.2,7.399999999999864,5.0,6.428235294117655
2020-08-19,01:00-08:30,1572.8,1567.7,5.099999999999909,5.0,6.428235294117655
2020-08-20,01:00-08:30,1568.1,1551.6,16.5,5.0,6.428235294117655
2020-08-21,01:00-08:30,1569.1,1561.4,7.699999999999818,5.0,6.428235294117655
2020-08-24,01:00-08:30,1559.0,1551.6,7.400000000000091,5.0,6.428235294117655
2020-08-25,01:00-08:30,1580.7,1567.5,13.200000000000045,5.0,6.428235294117655
2020-08-26,01:00-08:30,1571.5,1566.1,5.400000000000091,5.0,6.428235294117655
2020-08-27,01:00-08:30,1563.9,1558.2,5.7000000000000455,5.0,6.428235294117655
2020-08-28,01:00-08:30,1584.6,1568.0,16.59999999999991,5.0,6.428235294117655
2020-08-31,01:00-08:30,1589.8,1581.0,8.799999999999955,5.0,6.428235294117655
2020-09-01,01:00-08:30,1564.6,1557.5,7.099999999999909,5.0,6.428235294117655
2020-09-02,01:00-08:30,1586.8,1578.4,8.399999999999864,5.0,6.428235294117655
2020-09-03,01:00-08:30,1595.4,1585.3,10.100000000000136,5.0,6.428235294117655
2020-09-04,01:00-08:30,1555.5,1540.8,14.700000000000045,5.0,6.428235294117655
2020-09-07,01:00-08:30,1540.1,1526.2,13.899999999999864,5.0,6.428235294117655
2020-09-08,01:00-08:30,1553.4,1541.8,11.600000000000136,5.0,6.428235294117655
2020-09-09,01:00-08:30,1511.3,1486.7,24.59999999999991,5.0,6.428235294117655
2020-09-11,01:00-08:30,1525.7,1505.0,20.700000000000045,5.0,6.428235294117655
2020-09-14,01:00-08:30,1510.3,1497.0,13.299999999999955,5.0,6.428235294117655
2020-09-15,01:00-08:30,1542.6,1530.4,12.199999999999818,5.0,6.428235294117655
2020-09-16,01:00-08:30,1541.4,1532.7,8.700000000000045,5.0,6.428235294117655
2020-09-17,01:00-08:30,1553.5,1520.9,32.59999999999991,5.0,6.428235294117655
2020-09-18,01:00-08:30,1542.2,1528.7,13.5,5.0,6.428235294117655
2020-09-21,01:00-08:30,1538.5,1523.7,14.799999999999955,5.0,6.428235294117655
2020-09-22,01:00-08:30,1489.2,1474.8,14.400000000000091,5.0,6.428235294117655
2020-09-23,01:00-08:30,1493.3,1485.2,8.099999999999909,5.0,6.428235294117655
2020-09-24,01:00-08:30,1455.2,1439.0,16.200000000000045,5.0,6.428235294117655
2020-09-25,01:00-08:30,1461.5,1453.0,8.5,5.0,6.428235294117655
2020-09-28,01:00-08:30,1484.6,1472.6,12.0,5.0,6.428235294117655
2020-09-29,01:00-08:30,1513.9,1506.4,7.5,5.0,6.428235294117655
2020-09-30,01:00-08:30,1520.0,1485.8,34.200000000000045,5.0,6.428235294117655
2020-10-01,01:00-08:30,1518.0,1505.9,12.099999999999909,5.0,6.428235294117655
2020-10-02,01:00-08:30,1529.7,1490.7,39.0,5.0,6.428235294117655
2020-10-05,01:00-08:30,1548.6,1539.0,9.599999999999909,5.0,6.428235294117655
2020-10-06,01:00-08:30,1581.2,1573.0,8.200000000000045,5.0,6.428235294117655
2020-10-07,01:00-08:30,1586.0,1566.4,19.59999999999991,5.0,6.428235294117655
2020-10-08,01:00-08:30,1622.4,1609.9,12.5,5.0,6.428235294117655
2020-10-09,01:00-08:30,1641.2,1633.1,8.100000000000136,5.0,6.428235294117655
2020-10-12,01:00-08:30,1643.1,1630.6,12.5,5.0,6.428235294117655
2020-10-13,01:00-08:30,1648.8,1638.5,10.299999999999955,5.0,6.428235294117655
2020-10-14,01:00-08:30,1640.2,1630.1,10.100000000000136,5.0,6.428235294117655
2020-10-15,01:00-08:30,1624.9,1615.1,9.800000000000182,5.0,6.428235294117655
2020-10-16,01:00-08:30,1648.4,1637.6,10.800000000000182,5.0,6.428235294117655
2020-10-19,01:00-08:30,1639.7,1634.2,5.5,5.0,6.428235294117655
2020-10-20,01:00-08:30,1623.9,1614.3,9.600000000000136,5.0,6.428235294117655
2020-10-21,01:00-08:30,1628.6,1618.3,10.299999999999955,5.0,6.428235294117655
2020-10-22,01:00-08:30,1604.3,1587.7,16.59999999999991,5.0,6.428235294117655
